key,classname,name,status,time,message
::blind_transfer_parkingtimeout,,blind_transfer_parkingtimeout,skip,0.00,Skip while failures are debugged
::callparking,,callparking,pass,28.75,
::callparking_retrieval,,callparking_retrieval,pass,18.17,
::cause_answered_elsewhere,,cause_answered_elsewhere,pass,3.95,
::example,,example,pass,0.61,
::feature_attended_transfer,,feature_attended_transfer,pass,19.38,
::feature_blonde_transfer,,feature_blonde_transfer,pass,15.21,
::feature_call_pickup,,feature_call_pickup,pass,14.11,
::masquerade,,masquerade,fail,119.06,Running tests/masquerade ...
::predial,,predial,pass,60.72,
::remote_test,,remote_test,skip,0.00,Failed dependency
::udptl,,udptl,skip,0.00,"requires further rework for pjsip, see ASTERISK-30292"
::udptl_v6,,udptl_v6,skip,0.00,"requires further rework for pjsip, see ASTERISK-30292"
agi::exit_status,agi,exit_status,pass,12.71,
agi::nominal,agi,nominal,pass,15.66,
apps._if::if_comprehensive,apps._if,if_comprehensive,pass,5.42,
apps._if::if_endif,apps._if,if_endif,pass,3.99,
apps.agents.agent_acknowledge::agent_acknowledge_error,apps.agents.agent_acknowledge,agent_acknowledge_error,pass,34.41,
apps.agents.agent_acknowledge::nominal,apps.agents.agent_acknowledge,nominal,pass,36.98,
apps.agents.agent_login::login_errors,apps.agents.agent_login,login_errors,pass,6.46,
apps.agents.agent_login::nominal,apps.agents.agent_login,nominal,pass,7.43,
apps.agents.agent_request::nominal,apps.agents.agent_request,nominal,pass,19.42,
apps.authenticate::off_nominal,apps.authenticate,off_nominal,pass,9.15,
apps.bridge.bridge_wait::bridge_wait_e_options,apps.bridge.bridge_wait,bridge_wait_e_options,pass,17.26,
apps.bridge.bridge_wait::bridge_wait_roles,apps.bridge.bridge_wait,bridge_wait_roles,pass,11.63,
apps.bridge.bridge_wait::bridge_wait_s_option,apps.bridge.bridge_wait,bridge_wait_s_option,pass,9.67,
apps.bridge::bridge_add,apps.bridge,bridge_add,pass,9.65,
apps.bridge::bridge_baseline,apps.bridge,bridge_baseline,pass,5.07,
apps.bridge::bridge_transfer_callee,apps.bridge,bridge_transfer_callee,pass,4.14,
apps.chanspy::chanspy_barge,apps.chanspy,chanspy_barge,pass,7.02,
apps.chanspy::chanspy_w_mixmonitor,apps.chanspy,chanspy_w_mixmonitor,skip,0.00,"pjsua requirement, see ASTERISK-30292"
apps.confbridge.sfu::add_remove_sources,apps.confbridge.sfu,add_remove_sources,skip,0.00,See ASTERISK-29363
apps.confbridge.sfu::local_add_remove_sources,apps.confbridge.sfu,local_add_remove_sources,skip,0.00,See ASTERISK-29363
apps.confbridge.sfu::local_no_video_source,apps.confbridge.sfu,local_no_video_source,pass,10.35,
apps.confbridge.sfu::local_nominal,apps.confbridge.sfu,local_nominal,pass,10.05,
apps.confbridge.sfu::no_video_source,apps.confbridge.sfu,no_video_source,pass,10.19,
apps.confbridge.sfu::nominal,apps.confbridge.sfu,nominal,pass,9.87,
apps.confbridge::confbridge_confkick,apps.confbridge,confbridge_confkick,pass,4.06,
apps.confbridge::confbridge_dynamic_menus,apps.confbridge,confbridge_dynamic_menus,pass,38.21,
apps.confbridge::confbridge_end_marked,apps.confbridge,confbridge_end_marked,pass,26.96,
apps.confbridge::confbridge_marked,apps.confbridge,confbridge_marked,pass,21.31,
apps.confbridge::confbridge_marked_unmarked,apps.confbridge,confbridge_marked_unmarked,pass,30.30,
apps.confbridge::confbridge_noanswer,apps.confbridge,confbridge_noanswer,pass,9.99,
apps.confbridge::confbridge_nominal,apps.confbridge,confbridge_nominal,pass,51.68,
apps.confbridge::confbridge_recording,apps.confbridge,confbridge_recording,pass,40.69,
apps.confbridge::confbridge_result,apps.confbridge,confbridge_result,skip,0.00,See ASTERISK-29362
apps.confbridge::confbridge_start_muted,apps.confbridge,confbridge_start_muted,pass,10.79,
apps.confbridge::confbridge_talking,apps.confbridge,confbridge_talking,pass,13.25,
apps.confbridge::confbridge_talking_list,apps.confbridge,confbridge_talking_list,pass,19.36,
apps.confbridge::confbridge_timeout,apps.confbridge,confbridge_timeout,pass,13.95,
apps.confbridge::confbridge_triple_lindy,apps.confbridge,confbridge_triple_lindy,pass,68.33,
apps.confbridge::confbridge_waitmarked_kick,apps.confbridge,confbridge_waitmarked_kick,pass,15.86,
apps.confbridge::confbridge_waitmarked_normal,apps.confbridge,confbridge_waitmarked_normal,pass,39.39,
apps.confbridge::confbridge_waitmarked_only,apps.confbridge,confbridge_waitmarked_only,pass,15.05,
apps.confbridge::confbridge_waitmarked_single,apps.confbridge,confbridge_waitmarked_single,pass,31.17,
apps.confbridge::muted_conference_start_muted,apps.confbridge,muted_conference_start_muted,pass,13.09,
apps.confbridge::regcontext,apps.confbridge,regcontext,pass,4.09,
apps.control_playback::control_forward,apps.control_playback,control_forward,pass,42.23,
apps.control_playback::control_pause,apps.control_playback,control_pause,pass,37.71,
apps.control_playback::control_restart,apps.control_playback,control_restart,pass,43.24,
apps.control_playback::control_reverse,apps.control_playback,control_reverse,pass,61.17,
apps.control_playback::control_stop,apps.control_playback,control_stop,pass,5.89,
apps.control_playback::nominal,apps.control_playback,nominal,pass,19.78,
apps.control_playback::remote_uri,apps.control_playback,remote_uri,skip,0.00,ASTERISK-30141
apps.dial.action_post_answer::called_party_continue,apps.dial.action_post_answer,called_party_continue,pass,8.93,
apps.dial.action_post_answer::caller_continue,apps.dial.action_post_answer,caller_continue,pass,5.98,
apps.dial.action_post_answer::party_transfer,apps.dial.action_post_answer,party_transfer,pass,5.45,
apps.dial.dial_parallel::dial_parallel_all_busy,apps.dial.dial_parallel,dial_parallel_all_busy,pass,4.00,
apps.dial.dial_parallel::dial_parallel_all_cancel,apps.dial.dial_parallel,dial_parallel_all_cancel,pass,5.57,
apps.dial.dial_parallel::dial_parallel_all_congestion,apps.dial.dial_parallel,dial_parallel_all_congestion,pass,4.04,
apps.dial.dial_parallel::dial_parallel_all_no_answer,apps.dial.dial_parallel,dial_parallel_all_no_answer,pass,3.99,
apps.dial.dial_parallel::dial_parallel_all_unavail,apps.dial.dial_parallel,dial_parallel_all_unavail,pass,4.03,
apps.dial.dial_parallel::dial_parallel_answer_cancel,apps.dial.dial_parallel,dial_parallel_answer_cancel,pass,4.04,
apps.dial.dial_parallel::dial_parallel_answer_cancel_cause,apps.dial.dial_parallel,dial_parallel_answer_cancel_cause,pass,5.70,
apps.dial.dial_parallel::dial_parallel_single_busy,apps.dial.dial_parallel,dial_parallel_single_busy,pass,3.98,
apps.dial.dial_parallel::dial_parallel_single_congestion,apps.dial.dial_parallel,dial_parallel_single_congestion,pass,4.05,
apps.dial.dial_parallel::dial_parallel_single_no_answer,apps.dial.dial_parallel,dial_parallel_single_no_answer,pass,3.95,
apps.dial.dial_parallel::dial_parallel_single_unavail,apps.dial.dial_parallel,dial_parallel_single_unavail,pass,4.02,
apps.dial.mid_call_events::dial_gosub,apps.dial.mid_call_events,dial_gosub,pass,5.39,
apps.dial.privacy.privacy::connect_call,apps.dial.privacy.privacy,connect_call,pass,22.56,
apps.dial.privacy.privacy::forever_vm,apps.dial.privacy.privacy,forever_vm,pass,20.40,
apps.dial.privacy.privacy::go_away,apps.dial.privacy.privacy,go_away,pass,20.43,
apps.dial.privacy.privacy::single_vm,apps.dial.privacy.privacy,single_vm,pass,20.44,
apps.dial.privacy.privacy::torture,apps.dial.privacy.privacy,torture,pass,20.49,
apps.dial.privacy.screening::connect_call,apps.dial.privacy.screening,connect_call,pass,22.58,
apps.dial.privacy.screening::go_away,apps.dial.privacy.screening,go_away,pass,19.55,
apps.dial.privacy.screening::single_vm,apps.dial.privacy.screening,single_vm,pass,19.61,
apps.dial.privacy.screening::torture,apps.dial.privacy.screening,torture,pass,19.61,
apps.dial::dial_announcements,apps.dial,dial_announcements,pass,9.01,
apps.dial::dial_answer,apps.dial,dial_answer,pass,4.03,
apps.dial::dial_busy,apps.dial,dial_busy,pass,4.04,
apps.dial::dial_congestion,apps.dial,dial_congestion,pass,4.01,
apps.dial::dial_dtmf_hangup_cancel,apps.dial,dial_dtmf_hangup_cancel,pass,5.44,
apps.dial::dial_hangup,apps.dial,dial_hangup,pass,5.30,
apps.dial::dial_no_answer,apps.dial,dial_no_answer,pass,4.07,
apps.dial::dial_progress,apps.dial,dial_progress,pass,10.37,
apps.dial::dial_timeout,apps.dial,dial_timeout,pass,6.20,
apps.dial::dial_unavail,apps.dial,dial_unavail,pass,4.10,
apps.dial::peer_h_exten,apps.dial,peer_h_exten,pass,4.91,
apps.dial::preserve_top,apps.dial,preserve_top,pass,10.43,
apps.directed_pickup::pickup,apps.directed_pickup,pickup,pass,11.17,
apps.directed_pickup::pickup_chan,apps.directed_pickup,pickup_chan,pass,3.99,
apps.directory::directory_attendant_exit,apps.directory,directory_attendant_exit,pass,9.25,
apps.directory::directory_context_operator_exit,apps.directory,directory_context_operator_exit,pass,9.20,
apps.directory::directory_file,apps.directory,directory_file,pass,8.67,
apps.directory::directory_operator_exit,apps.directory,directory_operator_exit,pass,9.21,
apps.directory::directory_result,apps.directory,directory_result,pass,42.99,
apps.directory::directory_skip,apps.directory,directory_skip,pass,8.62,
apps.disa.nominal::authenticate,apps.disa.nominal,authenticate,pass,7.11,
apps.disa.nominal::no_authentication,apps.disa.nominal,no_authentication,pass,5.31,
apps.disa.nominal::no_context,apps.disa.nominal,no_context,pass,5.40,
apps.disa.off_nominal::bad_auth,apps.disa.off_nominal,bad_auth,pass,15.68,
apps.disa.off_nominal::invalid_exten,apps.disa.off_nominal,invalid_exten,pass,5.68,
apps.page::page_baseline,apps.page,page_baseline,pass,5.29,
apps.page::page_predial,apps.page,page_predial,pass,8.83,
apps.playback::nominal,apps.playback,nominal,pass,5.77,
apps.playback::remote_forward,apps.playback,remote_forward,pass,18.63,
apps.playback::remote_pause,apps.playback,remote_pause,pass,3.98,
apps.playback::remote_restart,apps.playback,remote_restart,pass,3.95,
apps.playback::remote_reverse,apps.playback,remote_reverse,pass,19.56,
apps.playback::remote_stop,apps.playback,remote_stop,pass,4.01,
apps.playback::remote_uri,apps.playback,remote_uri,skip,0.00,ASTERISK-30141
apps.queues.transfer::caller_attended,apps.queues.transfer,caller_attended,pass,49.99,
apps.queues.transfer::caller_blind,apps.queues.transfer,caller_blind,pass,49.55,
apps.queues::gosub_test,apps.queues,gosub_test,skip,0.00,Skip while failures are debugged
apps.queues::position_priority_maxlen,apps.queues,position_priority_maxlen,skip,0.00,Failed dependency
apps.queues::queue_all_paused_no_answer,apps.queues,queue_all_paused_no_answer,pass,7.93,
apps.queues::queue_baseline,apps.queues,queue_baseline,pass,4.43,
apps.queues::queue_member_forward,apps.queues,queue_member_forward,pass,4.50,
apps.queues::queue_no_answer,apps.queues,queue_no_answer,pass,8.02,
apps.queues::queue_one_paused_no_answer,apps.queues,queue_one_paused_no_answer,pass,7.94,
apps.queues::queue_penalty_outside_range,apps.queues,queue_penalty_outside_range,pass,9.92,
apps.queues::queue_transfer_callee,apps.queues,queue_transfer_callee,pass,12.92,
apps.queues::reason_pause_ami,apps.queues,reason_pause_ami,pass,33.03,
apps.queues::redirect,apps.queues,redirect,pass,5.69,
apps.queues::reload_queue_members,apps.queues,reload_queue_members,pass,2.97,
apps.queues::ringinuse_and_pause,apps.queues,ringinuse_and_pause,skip,0.00,Skip while failures are debugged
apps.queues::set_penalty,apps.queues,set_penalty,pass,2.95,
apps.queues::wrapup_time,apps.queues,wrapup_time,skip,0.00,Failed dependency
apps.queues::wrapup_time_per_member,apps.queues,wrapup_time_per_member,skip,0.00,Failed dependency
apps.sendtext::basic,apps.sendtext,basic,pass,5.66,
apps.sendtext::enhanced,apps.sendtext,enhanced,pass,5.53,
apps.sendtext::receive,apps.sendtext,receive,pass,3.97,
apps.statsd.off_nominal::empty_params,apps.statsd.off_nominal,empty_params,skip,0.00,Failed dependency
apps.statsd.off_nominal::invalid_metric,apps.statsd.off_nominal,invalid_metric,skip,0.00,Failed dependency
apps.statsd.off_nominal::invalid_sample_rate,apps.statsd.off_nominal,invalid_sample_rate,skip,0.00,Failed dependency
apps.statsd.off_nominal::invalid_value,apps.statsd.off_nominal,invalid_value,skip,0.00,Failed dependency
apps.statsd.off_nominal::invalid_variable,apps.statsd.off_nominal,invalid_variable,skip,0.00,Failed dependency
apps.statsd.off_nominal::no_metric,apps.statsd.off_nominal,no_metric,skip,0.00,Failed dependency
apps.statsd.off_nominal::no_value,apps.statsd.off_nominal,no_value,skip,0.00,Failed dependency
apps.statsd.off_nominal::no_variable,apps.statsd.off_nominal,no_variable,skip,0.00,Failed dependency
apps.statsd::nominal,apps.statsd,nominal,skip,0.00,Failed dependency
apps.voicemail.polling::poll_multiple_mailboxes,apps.voicemail.polling,poll_multiple_mailboxes,pass,6.67,
apps.voicemail.polling::poll_no_subs,apps.voicemail.polling,poll_no_subs,pass,8.38,
apps.voicemail.polling::poll_same_mailbox,apps.voicemail.polling,poll_same_mailbox,pass,6.67,
apps.voicemail.polling::poll_single_mailbox,apps.voicemail.polling,poll_single_mailbox,pass,6.82,
apps.voicemail.polling::poll_sub_unsub,apps.voicemail.polling,poll_sub_unsub,pass,10.43,
apps.voicemail::authenticate_extensions,apps.voicemail,authenticate_extensions,pass,7.79,
apps.voicemail::authenticate_invalid_mailbox,apps.voicemail,authenticate_invalid_mailbox,pass,15.60,
apps.voicemail::authenticate_invalid_password,apps.voicemail,authenticate_invalid_password,pass,25.37,
apps.voicemail::authenticate_nominal,apps.voicemail,authenticate_nominal,pass,15.92,
apps.voicemail::check_voicemail_callback,apps.voicemail,check_voicemail_callback,pass,31.48,
apps.voicemail::check_voicemail_delete,apps.voicemail,check_voicemail_delete,pass,47.38,
apps.voicemail::check_voicemail_dialout,apps.voicemail,check_voicemail_dialout,pass,36.84,
apps.voicemail::check_voicemail_envelope,apps.voicemail,check_voicemail_envelope,pass,45.51,
apps.voicemail::check_voicemail_forward,apps.voicemail,check_voicemail_forward,pass,42.80,
apps.voicemail::check_voicemail_forward_hangup,apps.voicemail,check_voicemail_forward_hangup,pass,38.59,
apps.voicemail::check_voicemail_forward_with_prepend,apps.voicemail,check_voicemail_forward_with_prepend,pass,45.61,
apps.voicemail::check_voicemail_new_user,apps.voicemail,check_voicemail_new_user,pass,56.30,
apps.voicemail::check_voicemail_new_user_hangup,apps.voicemail,check_voicemail_new_user_hangup,pass,48.33,
apps.voicemail::check_voicemail_nominal,apps.voicemail,check_voicemail_nominal,pass,83.26,
apps.voicemail::check_voicemail_options_change_password,apps.voicemail,check_voicemail_options_change_password,pass,38.49,
apps.voicemail::check_voicemail_options_change_password_spooldir,apps.voicemail,check_voicemail_options_change_password_spooldir,pass,19.29,
apps.voicemail::check_voicemail_options_record_busy,apps.voicemail,check_voicemail_options_record_busy,pass,23.20,
apps.voicemail::check_voicemail_options_record_name,apps.voicemail,check_voicemail_options_record_name,pass,22.74,
apps.voicemail::check_voicemail_options_record_temp,apps.voicemail,check_voicemail_options_record_temp,pass,27.27,
apps.voicemail::check_voicemail_options_record_unavail,apps.voicemail,check_voicemail_options_record_unavail,pass,23.90,
apps.voicemail::check_voicemail_reply,apps.voicemail,check_voicemail_reply,pass,38.96,
apps.voicemail::check_voicemail_while_leaving_msg,apps.voicemail,check_voicemail_while_leaving_msg,skip,0.00,Leave voicemail has timing problems.  This needs to be fixed to be consistently reliable.
apps.voicemail::func_vmcount,apps.voicemail,func_vmcount,pass,2.97,
apps.voicemail::leave_voicemail_contexts,apps.voicemail,leave_voicemail_contexts,pass,97.94,
apps.voicemail::leave_voicemail_external_notification,apps.voicemail,leave_voicemail_external_notification,skip,0.00,"External files not being created in tmp location during test execution, needs debugging"
apps.voicemail::leave_voicemail_forwarding,apps.voicemail,leave_voicemail_forwarding,pass,37.14,
apps.voicemail::leave_voicemail_forwarding_auto_urgent,apps.voicemail,leave_voicemail_forwarding_auto_urgent,pass,20.66,
apps.voicemail::leave_voicemail_nominal,apps.voicemail,leave_voicemail_nominal,pass,80.51,
apps.voicemail::leave_voicemail_priority,apps.voicemail,leave_voicemail_priority,pass,37.08,
apps.voicemail::play_message,apps.voicemail,play_message,pass,6.45,
apps::channel_redirect,apps,channel_redirect,pass,7.58,
apps::mf,apps,mf,pass,6.54,
apps::mixmonitor,apps,mixmonitor,pass,15.73,
apps::mixmonitor_audiohook_inherit,apps,mixmonitor_audiohook_inherit,pass,29.57,
apps::mixmonitor_duplex,apps,mixmonitor_duplex,pass,8.15,
apps::mixmonitor_func,apps,mixmonitor_func,pass,3.95,
apps::mixmonitor_rxtx,apps,mixmonitor_rxtx,pass,26.06,
apps::originate,apps,originate,pass,5.55,
apps::read,apps,read,pass,11.24,
apps::record,apps,record,pass,4.79,
apps::say_interrupt,apps,say_interrupt,skip,0.00,ASTERISK-30203: Hangs forever
apps::senddtmf,apps,senddtmf,skip,0.00,SendDTMF always fails if you dont tell it to answer the channel. see GitHub #818
apps::sf,apps,sf,pass,17.28,
apps::signal,apps,signal,pass,10.15,
apps::waitdigit,apps,waitdigit,pass,6.18,
asyncagi::asyncagi_break,asyncagi,asyncagi_break,pass,19.66,
bridge.parkcall_timeout::comebacktoorigin_no,bridge.parkcall_timeout,comebacktoorigin_no,skip,0.00,"requires further rework for pjsip, see ASTERISK-30292"
bridge.parkcall_timeout::comebacktoorigin_yes,bridge.parkcall_timeout,comebacktoorigin_yes,skip,0.00,"requires further rework for pjsip, see ASTERISK-30292"
bridge::atxfer_fail_blonde,bridge,atxfer_fail_blonde,fail,79.91,Running tests/bridge/atxfer_fail_blonde ...
bridge::atxfer_nominal,bridge,atxfer_nominal,fail,80.98,Running tests/bridge/atxfer_nominal ...
bridge::atxfer_retries,bridge,atxfer_retries,pass,24.92,
bridge::atxfer_setup,bridge,atxfer_setup,fail,79.90,Running tests/bridge/atxfer_setup ...
bridge::atxfer_threeway_nominal,bridge,atxfer_threeway_nominal,fail,80.96,Running tests/bridge/atxfer_threeway_nominal ...
bridge::automixmon,bridge,automixmon,fail,19.71,Running tests/bridge/automixmon ...
bridge::automixmon_bridgefeatures,bridge,automixmon_bridgefeatures,fail,19.72,Running tests/bridge/automixmon_bridgefeatures ...
bridge::blindxfer_nominal,bridge,blindxfer_nominal,fail,80.94,Running tests/bridge/blindxfer_nominal ...
bridge::blindxfer_setup,bridge,blindxfer_setup,fail,79.86,Running tests/bridge/blindxfer_setup ...
bridge::blonde_nominal,bridge,blonde_nominal,fail,80.95,Running tests/bridge/blonde_nominal ...
bridge::bridge_action,bridge,bridge_action,pass,3.99,
bridge::connected_line_update,bridge,connected_line_update,skip,0.00,"requires further rework for pjsip, see ASTERISK-30292"
bridge::dial_LS_options,bridge,dial_LS_options,pass,55.51,
bridge::disconnect,bridge,disconnect,fail,79.90,Running tests/bridge/disconnect ...
bridge::feature_timeout_hangup,bridge,feature_timeout_hangup,pass,5.19,
bridge::hold_redirect,bridge,hold_redirect,pass,8.11,
bridge::parkcall,bridge,parkcall,fail,85.66,Running tests/bridge/parkcall ...
bridge::parkcall_blindxfer,bridge,parkcall_blindxfer,fail,79.88,Running tests/bridge/parkcall_blindxfer ...
bridge::parkcall_bridgefeatures,bridge,parkcall_bridgefeatures,fail,85.71,Running tests/bridge/parkcall_bridgefeatures ...
bridge::simple_bridge,bridge,simple_bridge,fail,15.69,Running tests/bridge/simple_bridge ...
bridge::transfer_capabilities,bridge,transfer_capabilities,fail,79.92,Running tests/bridge/transfer_capabilities ...
bridge::transfer_capabilities_bridgefeatures,bridge,transfer_capabilities_bridgefeatures,fail,79.88,Running tests/bridge/transfer_capabilities_bridgefeatures ...
bridge::transfer_failure,bridge,transfer_failure,fail,79.88,Running tests/bridge/transfer_failure ...
cdr.cdr_manipulation::cdr_fork_end_time,cdr.cdr_manipulation,cdr_fork_end_time,pass,12.54,
cdr.cdr_manipulation::cdr_ignore_dial_changes,cdr.cdr_manipulation,cdr_ignore_dial_changes,pass,4.78,
cdr.cdr_manipulation::cdr_ignore_state_changes,cdr.cdr_manipulation,cdr_ignore_state_changes,pass,6.48,
cdr.cdr_manipulation::cdr_prop_disable,cdr.cdr_manipulation,cdr_prop_disable,pass,5.02,
cdr.cdr_manipulation::console_fork_after_busy_forward,cdr.cdr_manipulation,console_fork_after_busy_forward,pass,7.48,
cdr.cdr_manipulation::console_fork_before_dial,cdr.cdr_manipulation,console_fork_before_dial,pass,8.97,
cdr.cdr_manipulation::func_cdr,cdr.cdr_manipulation,func_cdr,pass,5.74,
cdr.cdr_manipulation::nocdr,cdr.cdr_manipulation,nocdr,fail,3.98,Running tests/cdr/cdr_manipulation/nocdr ...
cdr.cdr_properties::blind_transfer_accountcode,cdr.cdr_properties,blind_transfer_accountcode,skip,0.00,"requires further rework for pjsip, see ASTERISK-30292"
cdr.cdr_properties::cdr_accountcode,cdr.cdr_properties,cdr_accountcode,pass,5.48,
cdr.cdr_properties::cdr_userfield,cdr.cdr_properties,cdr_userfield,pass,5.53,
cdr::app_dial_G_flag,cdr,app_dial_G_flag,skip,0.00,Skip while failures are debugged
cdr::app_queue,cdr,app_queue,skip,0.00,Skip while failures are debugged
cdr::batch_cdrs,cdr,batch_cdrs,pass,8.36,
cdr::cdr_bridge_multi,cdr,cdr_bridge_multi,pass,4.14,
cdr::cdr_dial_subroutines,cdr,cdr_dial_subroutines,pass,6.94,
cdr::cdr_newcdrcolumns_yes,cdr,cdr_newcdrcolumns_yes,pass,5.40,
cdr::cdr_originate_sip_congestion_log,cdr,cdr_originate_sip_congestion_log,pass,4.93,
cdr::cdr_unanswered_yes,cdr,cdr_unanswered_yes,pass,4.93,
cdr::console_dial_sip_answer,cdr,console_dial_sip_answer,pass,5.49,
cdr::console_dial_sip_busy,cdr,console_dial_sip_busy,pass,4.97,
cdr::console_dial_sip_congestion,cdr,console_dial_sip_congestion,pass,4.95,
cdr::console_dial_sip_transfer,cdr,console_dial_sip_transfer,fail,5.22,Running tests/cdr/console_dial_sip_transfer ...
cdr::originate_cdr_disposition,cdr,originate_cdr_disposition,skip,0.00,"requires further rework for pjsip, see ASTERISK-30292"
cdr::sqlite3,cdr,sqlite3,pass,7.97,
channels.iax2.authed_calls.nominal::md5,channels.iax2.authed_calls.nominal,md5,pass,5.39,
channels.iax2.authed_calls.nominal::plain,channels.iax2.authed_calls.nominal,plain,pass,5.42,
channels.iax2.authed_calls.off_nominal::md5,channels.iax2.authed_calls.off_nominal,md5,pass,4.01,
channels.iax2.authed_calls.off_nominal::plain,channels.iax2.authed_calls.off_nominal,plain,pass,4.04,
channels.iax2.encrypted_calls::md5,channels.iax2.encrypted_calls,md5,pass,5.39,
channels.iax2.encrypted_calls::rsa,channels.iax2.encrypted_calls,rsa,pass,5.37,
channels.iax2.encrypted_calls::rsa_dynamic,channels.iax2.encrypted_calls,rsa_dynamic,pass,5.42,
channels.iax2::acl_call,channels.iax2,acl_call,pass,5.16,
channels.iax2::basic_call,channels.iax2,basic_call,pass,5.43,
channels.iax2::hangupcause,channels.iax2,hangupcause,skip,0.00,Unstable - issue #102
channels.local::local_app,channels.local,local_app,pass,3.98,
channels.local::local_call,channels.local,local_call,pass,4.48,
channels.local::local_holding_bridge,channels.local,local_holding_bridge,pass,7.95,
channels.local::local_loop,channels.local,local_loop,pass,3.95,
channels.local::local_optimize_away,channels.local,local_optimize_away,pass,3.96,
channels.local::local_removed_audio_stream_request,channels.local,local_removed_audio_stream_request,pass,4.00,
channels.pjsip.all_codecs_on_empty_reinvite::early_offer,channels.pjsip.all_codecs_on_empty_reinvite,early_offer,pass,4.59,
channels.pjsip.all_codecs_on_empty_reinvite::late_offer,channels.pjsip.all_codecs_on_empty_reinvite,late_offer,pass,4.49,
channels.pjsip.allow_sending_180_after_183::disabled,channels.pjsip.allow_sending_180_after_183,disabled,pass,5.09,
channels.pjsip.allow_sending_180_after_183::enabled,channels.pjsip.allow_sending_180_after_183,enabled,pass,5.16,
channels.pjsip.ami.pjsip_notify::channel,channels.pjsip.ami.pjsip_notify,channel,pass,4.02,
channels.pjsip.ami.pjsip_notify::cli,channels.pjsip.ami.pjsip_notify,cli,pass,4.08,
channels.pjsip.ami.pjsip_notify::content,channels.pjsip.ami.pjsip_notify,content,pass,4.05,
channels.pjsip.ami.pjsip_notify::custom_headers,channels.pjsip.ami.pjsip_notify,custom_headers,pass,4.16,
channels.pjsip.ami.pjsip_notify::reserved_headers,channels.pjsip.ami.pjsip_notify,reserved_headers,pass,4.02,
channels.pjsip.ami.pjsip_notify::to_uri,channels.pjsip.ami.pjsip_notify,to_uri,pass,3.94,
channels.pjsip.ami::pjsip_qualify,channels.pjsip.ami,pjsip_qualify,pass,4.09,
channels.pjsip.ami::show_endpoint,channels.pjsip.ami,show_endpoint,pass,2.98,
channels.pjsip.ami::show_endpoints,channels.pjsip.ami,show_endpoints,pass,2.93,
channels.pjsip.ami::show_registration_inbound_contact_statuses,channels.pjsip.ami,show_registration_inbound_contact_statuses,pass,4.05,
channels.pjsip.ami::show_registrations_inbound,channels.pjsip.ami,show_registrations_inbound,pass,4.01,
channels.pjsip.ami::show_registrations_outbound,channels.pjsip.ami,show_registrations_outbound,pass,3.05,
channels.pjsip.ami::show_subscriptions,channels.pjsip.ami,show_subscriptions,pass,4.02,
channels.pjsip.aoc::aoc_d_to_callee_in_200,channels.pjsip.aoc,aoc_d_to_callee_in_200,pass,4.03,
channels.pjsip.aoc::aoc_d_to_callee_in_bye,channels.pjsip.aoc,aoc_d_to_callee_in_bye,pass,5.02,
channels.pjsip.aoc::aoc_d_to_callee_in_info,channels.pjsip.aoc,aoc_d_to_callee_in_info,pass,4.08,
channels.pjsip.aoc::aoc_d_to_caller_in_200,channels.pjsip.aoc,aoc_d_to_caller_in_200,pass,3.99,
channels.pjsip.aoc::aoc_d_to_caller_in_bye,channels.pjsip.aoc,aoc_d_to_caller_in_bye,pass,5.60,
channels.pjsip.aoc::aoc_d_to_caller_in_info,channels.pjsip.aoc,aoc_d_to_caller_in_info,pass,3.97,
channels.pjsip.aoc::aoc_e_to_callee_in_200,channels.pjsip.aoc,aoc_e_to_callee_in_200,pass,5.01,
channels.pjsip.aoc::aoc_e_to_callee_in_bye,channels.pjsip.aoc,aoc_e_to_callee_in_bye,pass,5.16,
channels.pjsip.aoc::aoc_e_to_caller_in_200,channels.pjsip.aoc,aoc_e_to_caller_in_200,pass,5.02,
channels.pjsip.aoc::aoc_e_to_caller_in_bye,channels.pjsip.aoc,aoc_e_to_caller_in_bye,pass,5.55,
channels.pjsip.aoc::aoc_s_to_callee_in_info,channels.pjsip.aoc,aoc_s_to_callee_in_info,pass,4.04,
channels.pjsip.aoc::aoc_s_to_caller_in_180,channels.pjsip.aoc,aoc_s_to_caller_in_180,pass,5.04,
channels.pjsip.aoc::aoc_s_to_caller_in_183,channels.pjsip.aoc,aoc_s_to_caller_in_183,pass,5.02,
channels.pjsip.aoc::aoc_s_to_caller_in_200,channels.pjsip.aoc,aoc_s_to_caller_in_200,pass,5.13,
channels.pjsip.aoc::aoc_s_to_caller_in_info,channels.pjsip.aoc,aoc_s_to_caller_in_info,pass,3.96,
channels.pjsip.auth.uac::multiple_realm_multiple_digest,channels.pjsip.auth.uac,multiple_realm_multiple_digest,pass,4.00,
channels.pjsip.auth.uac::single_realm_multiple_digest,channels.pjsip.auth.uac,single_realm_multiple_digest,pass,4.00,
channels.pjsip.auth.uac::single_realm_single_digest,channels.pjsip.auth.uac,single_realm_single_digest,pass,4.11,
channels.pjsip.auth.uas::auth_security_events,channels.pjsip.auth.uas,auth_security_events,pass,3.98,
channels.pjsip.basic_calls.incoming.nominal.authed.md5::ident_by_header,channels.pjsip.basic_calls.incoming.nominal.authed.md5,ident_by_header,pass,60.60,
channels.pjsip.basic_calls.incoming.nominal.authed.md5::ident_by_host,channels.pjsip.basic_calls.incoming.nominal.authed.md5,ident_by_host,pass,60.62,
channels.pjsip.basic_calls.incoming.nominal.authed.md5::ident_by_user,channels.pjsip.basic_calls.incoming.nominal.authed.md5,ident_by_user,pass,60.62,
channels.pjsip.basic_calls.incoming.nominal.authed.md5::ident_by_user_drop_options,channels.pjsip.basic_calls.incoming.nominal.authed.md5,ident_by_user_drop_options,pass,60.62,
channels.pjsip.basic_calls.incoming.nominal.authed.userpass::ident_by_auth_user,channels.pjsip.basic_calls.incoming.nominal.authed.userpass,ident_by_auth_user,pass,4.11,
channels.pjsip.basic_calls.incoming.nominal.authed.userpass::ident_by_header,channels.pjsip.basic_calls.incoming.nominal.authed.userpass,ident_by_header,pass,60.62,
channels.pjsip.basic_calls.incoming.nominal.authed.userpass::ident_by_host,channels.pjsip.basic_calls.incoming.nominal.authed.userpass,ident_by_host,pass,60.62,
channels.pjsip.basic_calls.incoming.nominal.authed.userpass::ident_by_user,channels.pjsip.basic_calls.incoming.nominal.authed.userpass,ident_by_user,pass,60.61,
channels.pjsip.basic_calls.incoming.nominal.authed.userpass::ident_by_user_drop_options,channels.pjsip.basic_calls.incoming.nominal.authed.userpass,ident_by_user_drop_options,pass,60.62,
channels.pjsip.basic_calls.incoming.nominal.unauthed::ident_by_anonymous,channels.pjsip.basic_calls.incoming.nominal.unauthed,ident_by_anonymous,pass,4.06,
channels.pjsip.basic_calls.incoming.nominal.unauthed::ident_by_header,channels.pjsip.basic_calls.incoming.nominal.unauthed,ident_by_header,pass,60.56,
channels.pjsip.basic_calls.incoming.nominal.unauthed::ident_by_host,channels.pjsip.basic_calls.incoming.nominal.unauthed,ident_by_host,pass,60.51,
channels.pjsip.basic_calls.incoming.nominal.unauthed::ident_by_host_only,channels.pjsip.basic_calls.incoming.nominal.unauthed,ident_by_host_only,pass,7.00,
channels.pjsip.basic_calls.incoming.nominal.unauthed::ident_by_user,channels.pjsip.basic_calls.incoming.nominal.unauthed,ident_by_user,pass,8.24,
channels.pjsip.basic_calls.incoming.nominal.unauthed::ident_by_user_drop_options,channels.pjsip.basic_calls.incoming.nominal.unauthed,ident_by_user_drop_options,pass,8.18,
channels.pjsip.basic_calls.incoming.nominal::peer_in_dialog_auths,channels.pjsip.basic_calls.incoming.nominal,peer_in_dialog_auths,pass,7.55,
channels.pjsip.basic_calls.incoming.off_nominal.userpass::ident_by_auth_user,channels.pjsip.basic_calls.incoming.off_nominal.userpass,ident_by_auth_user,pass,3.99,
channels.pjsip.basic_calls.incoming.off_nominal.userpass::wrong_credentials,channels.pjsip.basic_calls.incoming.off_nominal.userpass,wrong_credentials,pass,4.00,
channels.pjsip.basic_calls.incoming.off_nominal::bare_ack,channels.pjsip.basic_calls.incoming.off_nominal,bare_ack,pass,4.03,
channels.pjsip.basic_calls.incoming.off_nominal::incompatible_codecs,channels.pjsip.basic_calls.incoming.off_nominal,incompatible_codecs,pass,4.02,
channels.pjsip.basic_calls.incoming.off_nominal::invalid_number,channels.pjsip.basic_calls.incoming.off_nominal,invalid_number,pass,3.96,
channels.pjsip.basic_calls.incoming.off_nominal::invalid_sdp,channels.pjsip.basic_calls.incoming.off_nominal,invalid_sdp,pass,5.41,
channels.pjsip.basic_calls.incoming.off_nominal::md5,channels.pjsip.basic_calls.incoming.off_nominal,md5,pass,3.97,
channels.pjsip.basic_calls.incoming.off_nominal::unknown_user,channels.pjsip.basic_calls.incoming.off_nominal,unknown_user,pass,4.02,
channels.pjsip.basic_calls.outgoing.nominal::auth,channels.pjsip.basic_calls.outgoing.nominal,auth,pass,4.57,
channels.pjsip.basic_calls.outgoing.nominal::dialstring,channels.pjsip.basic_calls.outgoing.nominal,dialstring,pass,4.26,
channels.pjsip.basic_calls.outgoing.nominal::early_media,channels.pjsip.basic_calls.outgoing.nominal,early_media,pass,4.02,
channels.pjsip.basic_calls.outgoing.nominal::echo,channels.pjsip.basic_calls.outgoing.nominal,echo,pass,34.03,
channels.pjsip.basic_calls.outgoing.nominal::from_user,channels.pjsip.basic_calls.outgoing.nominal,from_user,pass,3.97,
channels.pjsip.basic_calls.outgoing.nominal::nat,channels.pjsip.basic_calls.outgoing.nominal,nat,pass,3.98,
channels.pjsip.basic_calls.outgoing.nominal::peer_in_dialog_auths,channels.pjsip.basic_calls.outgoing.nominal,peer_in_dialog_auths,pass,4.07,
channels.pjsip.basic_calls.outgoing.nominal::playback,channels.pjsip.basic_calls.outgoing.nominal,playback,pass,34.01,
channels.pjsip.basic_calls.outgoing.off_nominal::bob_does_not_answer,channels.pjsip.basic_calls.outgoing.off_nominal,bob_does_not_answer,pass,5.31,
channels.pjsip.basic_calls.outgoing.off_nominal::bob_does_not_exist,channels.pjsip.basic_calls.outgoing.off_nominal,bob_does_not_exist,pass,35.39,
channels.pjsip.basic_calls.outgoing.off_nominal::bob_incompatible_codecs,channels.pjsip.basic_calls.outgoing.off_nominal,bob_incompatible_codecs,pass,3.98,
channels.pjsip.basic_calls.outgoing.off_nominal::bob_is_busy,channels.pjsip.basic_calls.outgoing.off_nominal,bob_is_busy,pass,4.02,
channels.pjsip.basic_calls.outgoing.off_nominal::bob_is_busy_at,channels.pjsip.basic_calls.outgoing.off_nominal,bob_is_busy_at,pass,4.02,
channels.pjsip.basic_calls.outgoing.off_nominal::call_canceled,channels.pjsip.basic_calls.outgoing.off_nominal,call_canceled,pass,14.80,
channels.pjsip.basic_calls.two_parties.nominal.alice_initiated::alice_hangs_up,channels.pjsip.basic_calls.two_parties.nominal.alice_initiated,alice_hangs_up,pass,35.11,
channels.pjsip.basic_calls.two_parties.nominal.alice_initiated::bob_hangs_up,channels.pjsip.basic_calls.two_parties.nominal.alice_initiated,bob_hangs_up,pass,35.10,
channels.pjsip.basic_calls.two_parties.nominal.alice_initiated::requested_capabilities,channels.pjsip.basic_calls.two_parties.nominal.alice_initiated,requested_capabilities,pass,35.14,
channels.pjsip.basic_calls.two_parties.nominal.direct_media::reinvite,channels.pjsip.basic_calls.two_parties.nominal.direct_media,reinvite,pass,7.17,
channels.pjsip.basic_calls.two_parties.nominal.direct_media::update,channels.pjsip.basic_calls.two_parties.nominal.direct_media,update,skip,0.00,Using UPDATE seems to be broken.  Skipping until resolved
channels.pjsip.basic_calls.two_parties.nominal::add_remove_sources,channels.pjsip.basic_calls.two_parties.nominal,add_remove_sources,pass,6.12,
channels.pjsip.basic_calls.two_parties.nominal::two_servers,channels.pjsip.basic_calls.two_parties.nominal,two_servers,pass,11.72,
channels.pjsip.basic_calls.two_parties.nominal::video_bidirectional_to_unidirectional,channels.pjsip.basic_calls.two_parties.nominal,video_bidirectional_to_unidirectional,pass,6.19,
channels.pjsip.basic_calls.two_parties.nominal::video_unidirectional_to_bidirectional,channels.pjsip.basic_calls.two_parties.nominal,video_unidirectional_to_bidirectional,pass,6.32,
channels.pjsip.basic_calls.two_parties.off_nominal.authed::bob_rejects,channels.pjsip.basic_calls.two_parties.off_nominal.authed,bob_rejects,pass,4.03,
channels.pjsip.config_wizard::hints,channels.pjsip.config_wizard,hints,pass,3.00,
channels.pjsip.config_wizard::phone,channels.pjsip.config_wizard,phone,pass,3.02,
channels.pjsip.config_wizard::registration,channels.pjsip.config_wizard,registration,pass,3.00,
channels.pjsip.config_wizard::trunk,channels.pjsip.config_wizard,trunk,pass,3.10,
channels.pjsip.configuration::duplicate_sections,channels.pjsip.configuration,duplicate_sections,pass,8.22,
channels.pjsip.configuration::happy_config,channels.pjsip.configuration,happy_config,pass,2.97,
channels.pjsip.connected_line::connected_line_allow,channels.pjsip.connected_line,connected_line_allow,pass,6.13,
channels.pjsip.connected_line::connected_line_no_send,channels.pjsip.connected_line,connected_line_no_send,pass,6.08,
channels.pjsip.connected_line::connected_line_no_trust,channels.pjsip.connected_line,connected_line_no_trust,pass,6.07,
channels.pjsip.dialplan_functions::chan_is_avail,channels.pjsip.dialplan_functions,chan_is_avail,pass,4.15,
channels.pjsip.dialplan_functions::pjsip_aor,channels.pjsip.dialplan_functions,pjsip_aor,pass,4.00,
channels.pjsip.dialplan_functions::pjsip_channel,channels.pjsip.dialplan_functions,pjsip_channel,pass,7.94,
channels.pjsip.dialplan_functions::pjsip_channel2,channels.pjsip.dialplan_functions,pjsip_channel2,pass,4.02,
channels.pjsip.dialplan_functions::pjsip_contact,channels.pjsip.dialplan_functions,pjsip_contact,pass,8.65,
channels.pjsip.dialplan_functions::pjsip_dtmfmode,channels.pjsip.dialplan_functions,pjsip_dtmfmode,pass,3.99,
channels.pjsip.dialplan_functions::pjsip_endpoint,channels.pjsip.dialplan_functions,pjsip_endpoint,pass,4.25,
channels.pjsip.dialplan_functions::pjsip_hangup,channels.pjsip.dialplan_functions,pjsip_hangup,pass,5.59,
channels.pjsip.dialplan_functions::pjsip_header,channels.pjsip.dialplan_functions,pjsip_header,pass,21.85,
channels.pjsip.dialplan_functions::pjsip_notify,channels.pjsip.dialplan_functions,pjsip_notify,pass,11.95,
channels.pjsip.dialplan_functions::pjsip_parse_uri,channels.pjsip.dialplan_functions,pjsip_parse_uri,pass,3.94,
channels.pjsip.dialplan_functions::pjsip_session_refresh,channels.pjsip.dialplan_functions,pjsip_session_refresh,pass,22.87,
channels.pjsip.diversion::diversion_basic,channels.pjsip.diversion,diversion_basic,pass,6.26,
channels.pjsip.diversion::diversion_basic_drop_options,channels.pjsip.diversion,diversion_basic_drop_options,pass,6.18,
channels.pjsip.diversion::diversion_caller_id,channels.pjsip.diversion,diversion_caller_id,pass,4.03,
channels.pjsip.diversion::diversion_request,channels.pjsip.diversion,diversion_request,pass,3.99,
channels.pjsip.diversion::diversion_request_drop_options,channels.pjsip.diversion,diversion_request_drop_options,pass,4.01,
channels.pjsip.diversion::diversion_response,channels.pjsip.diversion,diversion_response,pass,3.96,
channels.pjsip.diversion::diversion_response_181,channels.pjsip.diversion,diversion_response_181,pass,4.02,
channels.pjsip.diversion::diversion_response_drop_options,channels.pjsip.diversion,diversion_response_drop_options,pass,3.94,
channels.pjsip.diversion::history_info_request,channels.pjsip.diversion,history_info_request,pass,3.96,
channels.pjsip.diversion::history_info_response_181,channels.pjsip.diversion,history_info_response_181,pass,3.98,
channels.pjsip.diversion::no_diversion_response_181,channels.pjsip.diversion,no_diversion_response_181,pass,3.98,
channels.pjsip.dtmf_sdp.dtmf_sdp_generation::dtmf_sdp_48k_audio_8k_digits_bob,channels.pjsip.dtmf_sdp.dtmf_sdp_generation,dtmf_sdp_48k_audio_8k_digits_bob,pass,10.01,
channels.pjsip.dtmf_sdp.dtmf_sdp_generation::dtmf_sdp_48k_priority_diff,channels.pjsip.dtmf_sdp.dtmf_sdp_generation,dtmf_sdp_48k_priority_diff,pass,8.09,
channels.pjsip.dtmf_sdp.dtmf_sdp_generation::dtmf_sdp_48k_priority_match,channels.pjsip.dtmf_sdp.dtmf_sdp_generation,dtmf_sdp_48k_priority_match,pass,8.10,
channels.pjsip.dtmf_sdp.dtmf_sdp_generation::dtmf_sdp_48k_priority_match_8k_digits,channels.pjsip.dtmf_sdp.dtmf_sdp_generation,dtmf_sdp_48k_priority_match_8k_digits,pass,8.12,
channels.pjsip.dtmf_sdp.dtmf_sdp_generation::dtmf_sdp_8k_priority_diff,channels.pjsip.dtmf_sdp.dtmf_sdp_generation,dtmf_sdp_8k_priority_diff,pass,8.09,
channels.pjsip.dtmf_sdp.dtmf_sdp_generation::dtmf_sdp_8k_priority_match,channels.pjsip.dtmf_sdp.dtmf_sdp_generation,dtmf_sdp_8k_priority_match,pass,8.09,
channels.pjsip.dtmf_sdp::dtmf_sdp_negotiation_alice,channels.pjsip.dtmf_sdp,dtmf_sdp_negotiation_alice,pass,5.86,
channels.pjsip.dtmf_sdp::dtmf_sdp_negotiation_alice_asym,channels.pjsip.dtmf_sdp,dtmf_sdp_negotiation_alice_asym,pass,5.90,
channels.pjsip.dtmf_sdp::dtmf_sdp_negotiation_bob,channels.pjsip.dtmf_sdp,dtmf_sdp_negotiation_bob,pass,22.28,
channels.pjsip.dtmf_sdp::dtmf_sdp_recognition,channels.pjsip.dtmf_sdp,dtmf_sdp_recognition,fail,20.09,Running tests/channels/pjsip/dtmf_sdp/dtmf_sdp_recognition ...
channels.pjsip.geolocation.incoming::basic,channels.pjsip.geolocation.incoming,basic,pass,4.03,
channels.pjsip.geolocation.incoming::profile_precedence,channels.pjsip.geolocation.incoming,profile_precedence,pass,4.04,
channels.pjsip.geolocation.round_trip::gml,channels.pjsip.geolocation.round_trip,gml,pass,5.19,
channels.pjsip.headers::anonymous_from_basic_call,channels.pjsip.headers,anonymous_from_basic_call,pass,4.14,
channels.pjsip.headers::no_contact,channels.pjsip.headers,no_contact,pass,4.04,
channels.pjsip.headers::non_anonymous_from_basic_call,channels.pjsip.headers,non_anonymous_from_basic_call,pass,4.22,
channels.pjsip.history_info::diversion_request,channels.pjsip.history_info,diversion_request,pass,3.98,
channels.pjsip.history_info::diversion_response_181,channels.pjsip.history_info,diversion_response_181,pass,3.98,
channels.pjsip.history_info::history_info_request,channels.pjsip.history_info,history_info_request,pass,4.00,
channels.pjsip.history_info::history_info_response_181,channels.pjsip.history_info,history_info_response_181,pass,4.04,
channels.pjsip.history_info::no_diversion_response_181,channels.pjsip.history_info,no_diversion_response_181,pass,4.06,
channels.pjsip.ice::ice_not_offered,channels.pjsip.ice,ice_not_offered,pass,4.12,
channels.pjsip.ice::ice_offered,channels.pjsip.ice,ice_offered,pass,4.07,
channels.pjsip.identify.port_matching::port,channels.pjsip.identify.port_matching,port,pass,3.95,
channels.pjsip.identify.port_matching::port_with_mask,channels.pjsip.identify.port_matching,port_with_mask,pass,3.97,
channels.pjsip.identify::header,channels.pjsip.identify,header,pass,4.03,
channels.pjsip.identify::header_or_ip,channels.pjsip.identify,header_or_ip,pass,3.98,
channels.pjsip.identify::header_ordering_header_ip,channels.pjsip.identify,header_ordering_header_ip,pass,4.00,
channels.pjsip.identify::header_ordering_ip_header,channels.pjsip.identify,header_ordering_ip_header,pass,3.99,
channels.pjsip.identify::ordering,channels.pjsip.identify,ordering,pass,4.47,
channels.pjsip.identify::request_uri,channels.pjsip.identify,request_uri,pass,3.98,
channels.pjsip.identify::transport,channels.pjsip.identify,transport,skip,0.00,See https://github.com/asterisk/asterisk/security/advisories/GHSA-qqxj-v78h-hrf9
channels.pjsip.ignore_183_wo_sdp.ignore_disabled::with_sdp,channels.pjsip.ignore_183_wo_sdp.ignore_disabled,with_sdp,pass,4.14,
channels.pjsip.ignore_183_wo_sdp.ignore_disabled::wo_sdp,channels.pjsip.ignore_183_wo_sdp.ignore_disabled,wo_sdp,pass,4.23,
channels.pjsip.ignore_183_wo_sdp.ignore_enabled::with_sdp,channels.pjsip.ignore_183_wo_sdp.ignore_enabled,with_sdp,pass,4.16,
channels.pjsip.ignore_183_wo_sdp.ignore_enabled::wo_sdp,channels.pjsip.ignore_183_wo_sdp.ignore_enabled,wo_sdp,pass,4.15,
channels.pjsip.maintenance::ami_actions,channels.pjsip.maintenance,ami_actions,pass,2.99,
channels.pjsip.maintenance::inbound_rejection,channels.pjsip.maintenance,inbound_rejection,pass,5.07,
channels.pjsip.maintenance::outbound_blocking,channels.pjsip.maintenance,outbound_blocking,pass,2.95,
channels.pjsip.mediasec::invite,channels.pjsip.mediasec,invite,pass,9.58,
channels.pjsip.mediasec::registration,channels.pjsip.mediasec,registration,pass,14.61,
channels.pjsip.message::message_basic,channels.pjsip.message,message_basic,pass,4.00,
channels.pjsip.message::message_basic_drop_options,channels.pjsip.message,message_basic_drop_options,pass,3.95,
channels.pjsip.message::message_confbridge,channels.pjsip.message,message_confbridge,pass,12.20,
channels.pjsip.message::message_context,channels.pjsip.message,message_context,pass,4.03,
channels.pjsip.message::message_cust_hdr,channels.pjsip.message,message_cust_hdr,pass,3.97,
channels.pjsip.message::message_destination_parsing,channels.pjsip.message,message_destination_parsing,pass,3.98,
channels.pjsip.message::message_from,channels.pjsip.message,message_from,pass,3.99,
channels.pjsip.message::message_in_dialog,channels.pjsip.message,message_in_dialog,pass,4.13,
channels.pjsip.message::message_no_redirect_method,channels.pjsip.message,message_no_redirect_method,pass,8.06,
channels.pjsip.message::message_out_dialog,channels.pjsip.message,message_out_dialog,pass,4.07,
channels.pjsip.message::message_redirect,channels.pjsip.message,message_redirect,pass,4.78,
channels.pjsip.message::message_redirect_multiple,channels.pjsip.message,message_redirect_multiple,pass,20.63,
channels.pjsip.message::message_retrans,channels.pjsip.message,message_retrans,pass,3.99,
channels.pjsip.message::message_send_ami,channels.pjsip.message,message_send_ami,pass,3.06,
channels.pjsip.message::message_to_uri,channels.pjsip.message,message_to_uri,pass,4.03,
channels.pjsip.nat.rewrite_contact::contact_request,channels.pjsip.nat.rewrite_contact,contact_request,pass,4.03,
channels.pjsip.nat.rewrite_contact::contact_response,channels.pjsip.nat.rewrite_contact,contact_response,pass,7.97,
channels.pjsip.nat.rewrite_contact::route_set_reinvite,channels.pjsip.nat.rewrite_contact,route_set_reinvite,pass,4.94,
channels.pjsip.nat.rewrite_contact::route_set_request,channels.pjsip.nat.rewrite_contact,route_set_request,pass,4.02,
channels.pjsip.nat.rewrite_contact::route_set_response,channels.pjsip.nat.rewrite_contact,route_set_response,pass,7.99,
channels.pjsip.oli::header_parameter,channels.pjsip.oli,header_parameter,pass,5.04,
channels.pjsip.oli::uri_parameter,channels.pjsip.oli,uri_parameter,pass,5.05,
channels.pjsip.one_touch_recording.features_config::features_configured,channels.pjsip.one_touch_recording.features_config,features_configured,pass,8.08,
channels.pjsip.one_touch_recording.features_config::features_not_configured,channels.pjsip.one_touch_recording.features_config,features_not_configured,pass,8.01,
channels.pjsip.one_touch_recording::endpoint_beep,channels.pjsip.one_touch_recording,endpoint_beep,pass,5.64,
channels.pjsip.one_touch_recording::endpoint_config,channels.pjsip.one_touch_recording,endpoint_config,pass,8.05,
channels.pjsip.parameters::outgoing_uri,channels.pjsip.parameters,outgoing_uri,pass,6.03,
channels.pjsip.publish::asterisk_event_devicestate,channels.pjsip.publish,asterisk_event_devicestate,pass,4.08,
channels.pjsip.publish::asterisk_event_mwi,channels.pjsip.publish,asterisk_event_mwi,skip,0.00,Failed dependency
channels.pjsip.publish::dialog_info_xml,channels.pjsip.publish,dialog_info_xml,pass,9.00,
channels.pjsip.publish::presence_pidf,channels.pjsip.publish,presence_pidf,pass,9.03,
channels.pjsip.publish::presence_xpidf,channels.pjsip.publish,presence_xpidf,pass,8.96,
channels.pjsip.qualify::auth,channels.pjsip.qualify,auth,pass,8.59,
channels.pjsip.qualify::basic,channels.pjsip.qualify,basic,pass,4.08,
channels.pjsip.qualify::call_unreachable,channels.pjsip.qualify,call_unreachable,pass,17.56,
channels.pjsip.qualify::max_initial_qualify_time,channels.pjsip.qualify,max_initial_qualify_time,pass,5.98,
channels.pjsip.qualify::no_qualify,channels.pjsip.qualify,no_qualify,pass,2.94,
channels.pjsip.qualify::qualify_timeout,channels.pjsip.qualify,qualify_timeout,pass,7.89,
channels.pjsip.registration.inbound.nominal.config_options::maximum_expiration,channels.pjsip.registration.inbound.nominal.config_options,maximum_expiration,pass,4.03,
channels.pjsip.registration.inbound.nominal.config_options::minimum_expiration,channels.pjsip.registration.inbound.nominal.config_options,minimum_expiration,pass,4.01,
channels.pjsip.registration.inbound.nominal.config_options::remove_existing,channels.pjsip.registration.inbound.nominal.config_options,remove_existing,pass,4.04,
channels.pjsip.registration.inbound.nominal.config_options::remove_unavailable,channels.pjsip.registration.inbound.nominal.config_options,remove_unavailable,pass,28.79,
channels.pjsip.registration.inbound.nominal.contact_acl::ipv4,channels.pjsip.registration.inbound.nominal.contact_acl,ipv4,pass,4.04,
channels.pjsip.registration.inbound.nominal.contact_acl::ipv6,channels.pjsip.registration.inbound.nominal.contact_acl,ipv6,fail,3.06,Running tests/channels/pjsip/registration/inbound/nominal/contact_acl/ipv6 ...
channels.pjsip.registration.inbound.nominal.mixed::unauthed,channels.pjsip.registration.inbound.nominal.mixed,unauthed,pass,5.09,
channels.pjsip.registration.inbound.nominal.multiple_contacts::authed,channels.pjsip.registration.inbound.nominal.multiple_contacts,authed,pass,55.05,
channels.pjsip.registration.inbound.nominal.multiple_contacts::unauthed,channels.pjsip.registration.inbound.nominal.multiple_contacts,unauthed,pass,15.96,
channels.pjsip.registration.inbound.nominal.multiple_contacts::unauthed_drop_options,channels.pjsip.registration.inbound.nominal.multiple_contacts,unauthed_drop_options,pass,15.97,
channels.pjsip.registration.inbound.nominal.single_contact::authed,channels.pjsip.registration.inbound.nominal.single_contact,authed,pass,4.00,
channels.pjsip.registration.inbound.nominal.single_contact::unauthed,channels.pjsip.registration.inbound.nominal.single_contact,unauthed,pass,3.99,
channels.pjsip.registration.inbound.nominal.single_contact::unauthed_drop_options,channels.pjsip.registration.inbound.nominal.single_contact,unauthed_drop_options,pass,3.99,
channels.pjsip.registration.inbound.nominal.unregister::all_contacts,channels.pjsip.registration.inbound.nominal.unregister,all_contacts,pass,4.08,
channels.pjsip.registration.inbound.nominal.unregister::multiple_contacts,channels.pjsip.registration.inbound.nominal.unregister,multiple_contacts,pass,4.02,
channels.pjsip.registration.inbound.nominal.unregister::single_contact,channels.pjsip.registration.inbound.nominal.unregister,single_contact,pass,4.06,
channels.pjsip.registration.inbound.nominal::path,channels.pjsip.registration.inbound.nominal,path,pass,16.76,
channels.pjsip.registration.inbound.nominal::regcontext,channels.pjsip.registration.inbound.nominal,regcontext,pass,8.87,
channels.pjsip.registration.inbound.nominal::user_agent,channels.pjsip.registration.inbound.nominal,user_agent,pass,9.93,
channels.pjsip.registration.inbound.off_nominal.unregister::no_expires_header,channels.pjsip.registration.inbound.off_nominal.unregister,no_expires_header,pass,3.99,
channels.pjsip.registration.inbound.off_nominal::max_contacts,channels.pjsip.registration.inbound.off_nominal,max_contacts,pass,4.07,
channels.pjsip.registration.inbound.off_nominal::no_contact_header,channels.pjsip.registration.inbound.off_nominal,no_contact_header,pass,4.09,
channels.pjsip.registration.inbound.off_nominal::wrong_password,channels.pjsip.registration.inbound.off_nominal,wrong_password,pass,4.04,
channels.pjsip.registration.outbound.unregister::unauthed,channels.pjsip.registration.outbound.unregister,unauthed,pass,12.64,
channels.pjsip.registration.outbound::auth_loop,channels.pjsip.registration.outbound,auth_loop,pass,7.61,
channels.pjsip.registration.outbound::failover,channels.pjsip.registration.outbound,failover,pass,24.45,
channels.pjsip.registration.outbound::fatal_retry,channels.pjsip.registration.outbound,fatal_retry,pass,68.65,
channels.pjsip.registration.outbound::forbidden_retry,channels.pjsip.registration.outbound,forbidden_retry,pass,65.67,
channels.pjsip.registration.outbound::interval_too_brief,channels.pjsip.registration.outbound,interval_too_brief,pass,14.61,
channels.pjsip.registration.outbound::line_parameter,channels.pjsip.registration.outbound,line_parameter,pass,13.99,
channels.pjsip.rel100.incoming::peer_supported_not_used,channels.pjsip.rel100.incoming,peer_supported_not_used,pass,4.02,
channels.pjsip.rel100.incoming::peer_supported_require,channels.pjsip.rel100.incoming,peer_supported_require,pass,3.97,
channels.pjsip.rel100.incoming::peer_supported_used,channels.pjsip.rel100.incoming,peer_supported_used,pass,4.06,
channels.pjsip.rel100.outgoing::peer_supported_not_used,channels.pjsip.rel100.outgoing,peer_supported_not_used,pass,4.02,
channels.pjsip.rel100.outgoing::peer_supported_used,channels.pjsip.rel100.outgoing,peer_supported_used,pass,4.00,
channels.pjsip.resolver.naptr::explicit_transport_configured,channels.pjsip.resolver.naptr,explicit_transport_configured,pass,4.31,
channels.pjsip.resolver.naptr::order,channels.pjsip.resolver.naptr,order,pass,4.10,
channels.pjsip.resolver.naptr::preference,channels.pjsip.resolver.naptr,preference,pass,4.03,
channels.pjsip.resolver.naptr::preference_failover,channels.pjsip.resolver.naptr,preference_failover,pass,4.03,
channels.pjsip.resolver.naptr::restricted_transport,channels.pjsip.resolver.naptr,restricted_transport,pass,4.07,
channels.pjsip.resolver.naptr::transport_tcp,channels.pjsip.resolver.naptr,transport_tcp,pass,4.03,
channels.pjsip.resolver.naptr::transport_udp,channels.pjsip.resolver.naptr,transport_udp,pass,4.00,
channels.pjsip.resolver.naptr::transport_unspecified,channels.pjsip.resolver.naptr,transport_unspecified,pass,4.06,
channels.pjsip.resolver.srv.failover.in_dialog::timeout,channels.pjsip.resolver.srv.failover.in_dialog,timeout,pass,9.77,
channels.pjsip.resolver.srv.failover.in_dialog::transport_tcp,channels.pjsip.resolver.srv.failover.in_dialog,transport_tcp,pass,4.05,
channels.pjsip.resolver.srv.failover.in_dialog::transport_udp,channels.pjsip.resolver.srv.failover.in_dialog,transport_udp,pass,4.00,
channels.pjsip.resolver.srv.failover.in_dialog::transport_unspecified,channels.pjsip.resolver.srv.failover.in_dialog,transport_unspecified,pass,4.03,
channels.pjsip.resolver.srv.failover.out_of_dialog::timeout,channels.pjsip.resolver.srv.failover.out_of_dialog,timeout,pass,9.65,
channels.pjsip.resolver.srv.failover.out_of_dialog::transport_tcp,channels.pjsip.resolver.srv.failover.out_of_dialog,transport_tcp,pass,4.01,
channels.pjsip.resolver.srv.failover.out_of_dialog::transport_udp,channels.pjsip.resolver.srv.failover.out_of_dialog,transport_udp,pass,3.96,
channels.pjsip.resolver.srv.failover.out_of_dialog::transport_unspecified,channels.pjsip.resolver.srv.failover.out_of_dialog,transport_unspecified,pass,3.97,
channels.pjsip.resolver.srv::explicit_transport_configured,channels.pjsip.resolver.srv,explicit_transport_configured,pass,4.26,
channels.pjsip.resolver.srv::priority,channels.pjsip.resolver.srv,priority,pass,4.29,
channels.pjsip.resolver.srv::transport_tcp,channels.pjsip.resolver.srv,transport_tcp,pass,4.03,
channels.pjsip.resolver.srv::transport_udp,channels.pjsip.resolver.srv,transport_udp,pass,4.05,
channels.pjsip.resolver.srv::transport_unspecified,channels.pjsip.resolver.srv,transport_unspecified,pass,4.07,
channels.pjsip.resolver::a,channels.pjsip.resolver,a,pass,4.01,
channels.pjsip.resolver::aaaa,channels.pjsip.resolver,aaaa,pass,4.00,
channels.pjsip.rtcp.rtcp_mux_callee::direct,channels.pjsip.rtcp.rtcp_mux_callee,direct,pass,14.07,
channels.pjsip.rtcp.rtcp_mux_callee::ice,channels.pjsip.rtcp.rtcp_mux_callee,ice,pass,14.02,
channels.pjsip.rtcp.rtcp_mux_callee::rtcp_mux_enabled,channels.pjsip.rtcp.rtcp_mux_callee,rtcp_mux_enabled,pass,4.27,
channels.pjsip.rtcp.rtcp_mux_callee::rtcp_mux_not_enabled,channels.pjsip.rtcp.rtcp_mux_callee,rtcp_mux_not_enabled,pass,4.12,
channels.pjsip.rtcp.rtcp_mux_caller::direct,channels.pjsip.rtcp.rtcp_mux_caller,direct,pass,14.05,
channels.pjsip.rtcp.rtcp_mux_caller::ice,channels.pjsip.rtcp.rtcp_mux_caller,ice,pass,14.09,
channels.pjsip.rtcp.rtcp_mux_caller::rtcp_mux_not_offered,channels.pjsip.rtcp.rtcp_mux_caller,rtcp_mux_not_offered,pass,4.13,
channels.pjsip.rtcp.rtcp_mux_caller::rtcp_mux_offered,channels.pjsip.rtcp.rtcp_mux_caller,rtcp_mux_offered,pass,4.06,
channels.pjsip.rtcp.rtcp_mux_disabled::direct,channels.pjsip.rtcp.rtcp_mux_disabled,direct,pass,14.01,
channels.pjsip.rtcp.rtcp_mux_disabled::ice,channels.pjsip.rtcp.rtcp_mux_disabled,ice,pass,14.01,
channels.pjsip.rtcp.rtcp_mux_enabled::direct,channels.pjsip.rtcp.rtcp_mux_enabled,direct,pass,14.06,
channels.pjsip.rtcp.rtcp_mux_enabled::ice,channels.pjsip.rtcp.rtcp_mux_enabled,ice,pass,14.03,
channels.pjsip.rtp.asymmetric_rtp_codec::off,channels.pjsip.rtp.asymmetric_rtp_codec,off,pass,8.26,
channels.pjsip.rtp.asymmetric_rtp_codec::on,channels.pjsip.rtp.asymmetric_rtp_codec,on,pass,8.19,
channels.pjsip.rtp.rtp_keepalive::base,channels.pjsip.rtp.rtp_keepalive,base,pass,13.21,
channels.pjsip.rtp.rtp_keepalive::direct_media,channels.pjsip.rtp.rtp_keepalive,direct_media,pass,13.13,
channels.pjsip.rtp::bind_rtp_to_media_address,channels.pjsip.rtp,bind_rtp_to_media_address,pass,3.96,
channels.pjsip.rtp::timeout,channels.pjsip.rtp,timeout,pass,12.11,
channels.pjsip.rtp::timeout_hold,channels.pjsip.rtp,timeout_hold,pass,12.06,
channels.pjsip.rtp_ptime::non_transcode,channels.pjsip.rtp_ptime,non_transcode,skip,0.00,Failed dependency
channels.pjsip.rtp_ptime::transcode,channels.pjsip.rtp_ptime,transcode,skip,0.00,Failed dependency
channels.pjsip.sdp_offer_answer.attribute_passthrough::speex_h263_h264,channels.pjsip.sdp_offer_answer.attribute_passthrough,speex_h263_h264,pass,3.98,
channels.pjsip.sdp_offer_answer.incoming.nominal.multiple_media_stream.audio::accept,channels.pjsip.sdp_offer_answer.incoming.nominal.multiple_media_stream.audio,accept,pass,3.99,
channels.pjsip.sdp_offer_answer.incoming.nominal.multiple_media_stream.audio::add,channels.pjsip.sdp_offer_answer.incoming.nominal.multiple_media_stream.audio,add,pass,4.00,
channels.pjsip.sdp_offer_answer.incoming.nominal.multiple_media_stream.audio::decline,channels.pjsip.sdp_offer_answer.incoming.nominal.multiple_media_stream.audio,decline,pass,4.08,
channels.pjsip.sdp_offer_answer.incoming.nominal.multiple_media_stream.audio::remove,channels.pjsip.sdp_offer_answer.incoming.nominal.multiple_media_stream.audio,remove,pass,4.08,
channels.pjsip.sdp_offer_answer.incoming.nominal.multiple_media_stream.audio_video.accept::bundled,channels.pjsip.sdp_offer_answer.incoming.nominal.multiple_media_stream.audio_video.accept,bundled,pass,4.03,
channels.pjsip.sdp_offer_answer.incoming.nominal.multiple_media_stream.audio_video.accept::multiple_audio,channels.pjsip.sdp_offer_answer.incoming.nominal.multiple_media_stream.audio_video.accept,multiple_audio,pass,4.00,
channels.pjsip.sdp_offer_answer.incoming.nominal.multiple_media_stream.audio_video.accept::multiple_video,channels.pjsip.sdp_offer_answer.incoming.nominal.multiple_media_stream.audio_video.accept,multiple_video,pass,4.04,
channels.pjsip.sdp_offer_answer.incoming.nominal.multiple_media_stream.audio_video.decline::basic,channels.pjsip.sdp_offer_answer.incoming.nominal.multiple_media_stream.audio_video.decline,basic,pass,5.06,
channels.pjsip.sdp_offer_answer.incoming.nominal.multiple_media_stream.audio_video.decline::multiple_audio,channels.pjsip.sdp_offer_answer.incoming.nominal.multiple_media_stream.audio_video.decline,multiple_audio,pass,3.98,
channels.pjsip.sdp_offer_answer.incoming.nominal.multiple_media_stream.audio_video.decline::multiple_video,channels.pjsip.sdp_offer_answer.incoming.nominal.multiple_media_stream.audio_video.decline,multiple_video,pass,4.02,
channels.pjsip.sdp_offer_answer.incoming.nominal.multiple_media_stream.audio_video_app::decline,channels.pjsip.sdp_offer_answer.incoming.nominal.multiple_media_stream.audio_video_app,decline,pass,3.99,
channels.pjsip.sdp_offer_answer.incoming.nominal.multiple_media_stream.video::accept,channels.pjsip.sdp_offer_answer.incoming.nominal.multiple_media_stream.video,accept,pass,3.98,
channels.pjsip.sdp_offer_answer.incoming.nominal.multiple_media_stream.video::add,channels.pjsip.sdp_offer_answer.incoming.nominal.multiple_media_stream.video,add,pass,4.03,
channels.pjsip.sdp_offer_answer.incoming.nominal.multiple_media_stream.video::decline,channels.pjsip.sdp_offer_answer.incoming.nominal.multiple_media_stream.video,decline,pass,4.03,
channels.pjsip.sdp_offer_answer.incoming.nominal.multiple_media_stream.video::remove,channels.pjsip.sdp_offer_answer.incoming.nominal.multiple_media_stream.video,remove,pass,3.97,
channels.pjsip.sdp_offer_answer.incoming.nominal.single_media_stream.audio::avpf,channels.pjsip.sdp_offer_answer.incoming.nominal.single_media_stream.audio,avpf,pass,4.00,
channels.pjsip.sdp_offer_answer.incoming.nominal.single_media_stream.audio::basic,channels.pjsip.sdp_offer_answer.incoming.nominal.single_media_stream.audio,basic,pass,5.02,
channels.pjsip.sdp_offer_answer.incoming.nominal.single_media_stream.audio::packetization,channels.pjsip.sdp_offer_answer.incoming.nominal.single_media_stream.audio,packetization,pass,4.25,
channels.pjsip.sdp_offer_answer.incoming.nominal.single_media_stream.video::basic,channels.pjsip.sdp_offer_answer.incoming.nominal.single_media_stream.video,basic,pass,3.97,
channels.pjsip.sdp_offer_answer.incoming.off_nominal.multiple_media_stream.audio_video::codec_mismatch,channels.pjsip.sdp_offer_answer.incoming.off_nominal.multiple_media_stream.audio_video,codec_mismatch,pass,4.01,
channels.pjsip.sdp_offer_answer.incoming.off_nominal.multiple_media_stream.audio_video::hold_declined,channels.pjsip.sdp_offer_answer.incoming.off_nominal.multiple_media_stream.audio_video,hold_declined,pass,4.02,
channels.pjsip.sdp_offer_answer.incoming.off_nominal.multiple_media_stream.audio_video::initial_declined,channels.pjsip.sdp_offer_answer.incoming.off_nominal.multiple_media_stream.audio_video,initial_declined,pass,3.98,
channels.pjsip.sdp_offer_answer.incoming.off_nominal.single_media_stream.audio::avpf_mismatch,channels.pjsip.sdp_offer_answer.incoming.off_nominal.single_media_stream.audio,avpf_mismatch,pass,4.17,
channels.pjsip.sdp_offer_answer.incoming.off_nominal.single_media_stream.audio::codec_mismatch,channels.pjsip.sdp_offer_answer.incoming.off_nominal.single_media_stream.audio,codec_mismatch,pass,4.04,
channels.pjsip.sdp_offer_answer.incoming.off_nominal.single_media_stream.audio::initial_declined,channels.pjsip.sdp_offer_answer.incoming.off_nominal.single_media_stream.audio,initial_declined,pass,4.03,
channels.pjsip.sdp_offer_answer.media_offer::incoming_outgoing,channels.pjsip.sdp_offer_answer.media_offer,incoming_outgoing,pass,4.00,
channels.pjsip.sdp_offer_answer.media_offer::incoming_refresh,channels.pjsip.sdp_offer_answer.media_offer,incoming_refresh,pass,4.09,
channels.pjsip.sdp_offer_answer.media_offer::outgoing,channels.pjsip.sdp_offer_answer.media_offer,outgoing,pass,3.99,
channels.pjsip.sdp_offer_answer.webrtc::goog_remb,channels.pjsip.sdp_offer_answer.webrtc,goog_remb,pass,4.05,
channels.pjsip.secure_calling.calls.nominal.allow_wildcard_certs::cn,channels.pjsip.secure_calling.calls.nominal.allow_wildcard_certs,cn,pass,4.08,
channels.pjsip.secure_calling.calls.nominal.allow_wildcard_certs::san,channels.pjsip.secure_calling.calls.nominal.allow_wildcard_certs,san,pass,4.05,
channels.pjsip.secure_calling.calls.nominal::all_ciphers_verify_certs,channels.pjsip.secure_calling.calls.nominal,all_ciphers_verify_certs,pass,10.63,
channels.pjsip.secure_calling.calls.nominal::limited_ciphers_verify_certs,channels.pjsip.secure_calling.calls.nominal,limited_ciphers_verify_certs,pass,10.68,
channels.pjsip.secure_calling.calls.nominal::two_CAs_no_verify_certs,channels.pjsip.secure_calling.calls.nominal,two_CAs_no_verify_certs,pass,10.74,
channels.pjsip.secure_calling.calls.nominal::two_CAs_verify_certs,channels.pjsip.secure_calling.calls.nominal,two_CAs_verify_certs,pass,10.69,
channels.pjsip.secure_calling.calls.off_nominal::dtls_verify_failure,channels.pjsip.secure_calling.calls.off_nominal,dtls_verify_failure,pass,4.08,
channels.pjsip.secure_calling.calls.off_nominal::no_dtls_ciphers_in_common,channels.pjsip.secure_calling.calls.off_nominal,no_dtls_ciphers_in_common,pass,4.12,
channels.pjsip.secure_calling.calls.off_nominal::no_sips_ciphers_in_common,channels.pjsip.secure_calling.calls.off_nominal,no_sips_ciphers_in_common,pass,4.12,
channels.pjsip.secure_calling.calls.off_nominal::sips_verify_failure,channels.pjsip.secure_calling.calls.off_nominal,sips_verify_failure,pass,4.05,
channels.pjsip.secure_calling.optimistic_srtp::mandatory_with_optimistic_offer,channels.pjsip.secure_calling.optimistic_srtp,mandatory_with_optimistic_offer,pass,4.10,
channels.pjsip.secure_calling.optimistic_srtp::optimistic_with_mandatory_offer,channels.pjsip.secure_calling.optimistic_srtp,optimistic_with_mandatory_offer,pass,3.97,
channels.pjsip.secure_calling.optimistic_srtp::optimistic_with_no_crypto,channels.pjsip.secure_calling.optimistic_srtp,optimistic_with_no_crypto,pass,3.99,
channels.pjsip.secure_calling.optimistic_srtp::optimistic_with_optimistic_offer,channels.pjsip.secure_calling.optimistic_srtp,optimistic_with_optimistic_offer,pass,4.03,
channels.pjsip.secure_calling::srtp_negotiation,channels.pjsip.secure_calling,srtp_negotiation,pass,5.01,
channels.pjsip.secure_calling::srtp_not_loaded,channels.pjsip.secure_calling,srtp_not_loaded,pass,3.98,
channels.pjsip.session_timers::session_timer_minse,channels.pjsip.session_timers,session_timer_minse,pass,4.03,
channels.pjsip.statsd::contacts,channels.pjsip.statsd,contacts,pass,4.04,
channels.pjsip.statsd::registrations,channels.pjsip.statsd,registrations,pass,38.59,
channels.pjsip.stir_shaken::stir_shaken_acl_fail,channels.pjsip.stir_shaken,stir_shaken_acl_fail,pass,5.02,
channels.pjsip.stir_shaken::stir_shaken_anon_callerid,channels.pjsip.stir_shaken,stir_shaken_anon_callerid,pass,4.17,
channels.pjsip.stir_shaken::stir_shaken_exp_ca,channels.pjsip.stir_shaken,stir_shaken_exp_ca,pass,4.79,
channels.pjsip.stir_shaken::stir_shaken_fail_return_reason,channels.pjsip.stir_shaken,stir_shaken_fail_return_reason,pass,4.22,
channels.pjsip.stir_shaken::stir_shaken_no_identity,channels.pjsip.stir_shaken,stir_shaken_no_identity,pass,4.78,
channels.pjsip.stir_shaken::stir_shaken_sig_fail,channels.pjsip.stir_shaken,stir_shaken_sig_fail,pass,5.25,
channels.pjsip.stir_shaken::stir_shaken_success,channels.pjsip.stir_shaken,stir_shaken_success,pass,5.18,
channels.pjsip.stir_shaken::stir_shaken_success_unknown_tn,channels.pjsip.stir_shaken,stir_shaken_success_unknown_tn,pass,5.26,
channels.pjsip.stir_shaken::stir_shaken_tn_mismatch,channels.pjsip.stir_shaken,stir_shaken_tn_mismatch,pass,5.27,
channels.pjsip.subscriptions.mwi.solicited.replaced_by_unsolicited::aggregate,channels.pjsip.subscriptions.mwi.solicited.replaced_by_unsolicited,aggregate,skip,0.00,See ASTERISK-28860
channels.pjsip.subscriptions.mwi.solicited.replaced_by_unsolicited::non_aggregate,channels.pjsip.subscriptions.mwi.solicited.replaced_by_unsolicited,non_aggregate,skip,0.00,See ASTERISK-28861
channels.pjsip.subscriptions.mwi.solicited.replaces_unsolicited::aggregate,channels.pjsip.subscriptions.mwi.solicited.replaces_unsolicited,aggregate,skip,0.00,See ASTERISK-28860
channels.pjsip.subscriptions.mwi.solicited.replaces_unsolicited::multiple_registers,channels.pjsip.subscriptions.mwi.solicited.replaces_unsolicited,multiple_registers,skip,0.00,See ASTERISK-28861
channels.pjsip.subscriptions.mwi.solicited.replaces_unsolicited::non_aggregate,channels.pjsip.subscriptions.mwi.solicited.replaces_unsolicited,non_aggregate,skip,0.00,See ASTERISK-28861
channels.pjsip.subscriptions.mwi.unsolicited::incoming,channels.pjsip.subscriptions.mwi.unsolicited,incoming,skip,0.00,Failed dependency
channels.pjsip.subscriptions.mwi.unsolicited::initial_notify,channels.pjsip.subscriptions.mwi.unsolicited,initial_notify,pass,3.98,
channels.pjsip.subscriptions.mwi.unsolicited::mailbox_count_changes,channels.pjsip.subscriptions.mwi.unsolicited,mailbox_count_changes,skip,0.00,Failed dependency
channels.pjsip.subscriptions.mwi.unsolicited::notify_after_register,channels.pjsip.subscriptions.mwi.unsolicited,notify_after_register,pass,5.04,
channels.pjsip.subscriptions.mwi.unsolicited::notify_after_register_realtime,channels.pjsip.subscriptions.mwi.unsolicited,notify_after_register_realtime,pass,5.22,
channels.pjsip.subscriptions.mwi::conflict,channels.pjsip.subscriptions.mwi,conflict,pass,4.08,
channels.pjsip.subscriptions.mwi::missing_aor,channels.pjsip.subscriptions.mwi,missing_aor,skip,0.00,Failed dependency
channels.pjsip.subscriptions.mwi::mwi_aggregate,channels.pjsip.subscriptions.mwi,mwi_aggregate,skip,0.00,Failed dependency
channels.pjsip.subscriptions.mwi::mwi_devstate,channels.pjsip.subscriptions.mwi,mwi_devstate,skip,0.00,Failed dependency
channels.pjsip.subscriptions.mwi::no_accept_header,channels.pjsip.subscriptions.mwi,no_accept_header,skip,0.00,Failed dependency
channels.pjsip.subscriptions.mwi::sub_setup_teardown,channels.pjsip.subscriptions.mwi,sub_setup_teardown,pass,5.02,
channels.pjsip.subscriptions.mwi::sub_setup_teardown_drop_options,channels.pjsip.subscriptions.mwi,sub_setup_teardown_drop_options,pass,5.04,
channels.pjsip.subscriptions.mwi::sub_term_and_removal,channels.pjsip.subscriptions.mwi,sub_term_and_removal,pass,18.21,
channels.pjsip.subscriptions.presence.verify_bodies::verify_pidf,channels.pjsip.subscriptions.presence.verify_bodies,verify_pidf,skip,0.00,Failed dependency
channels.pjsip.subscriptions.presence.verify_bodies::verify_xpidf,channels.pjsip.subscriptions.presence.verify_bodies,verify_xpidf,skip,0.00,Failed dependency
channels.pjsip.subscriptions.presence::devstate_repeat,channels.pjsip.subscriptions.presence,devstate_repeat,pass,7.08,
channels.pjsip.subscriptions.presence::dialog_info_xml,channels.pjsip.subscriptions.presence,dialog_info_xml,pass,3.98,
channels.pjsip.subscriptions.presence::digium_presence,channels.pjsip.subscriptions.presence,digium_presence,pass,4.00,
channels.pjsip.subscriptions.presence::no_accept_header,channels.pjsip.subscriptions.presence,no_accept_header,pass,4.05,
channels.pjsip.subscriptions.presence::presence_pidf,channels.pjsip.subscriptions.presence,presence_pidf,skip,0.00,Unstable - ASTERISK-30214
channels.pjsip.subscriptions.presence::presence_xpidf,channels.pjsip.subscriptions.presence,presence_xpidf,skip,0.00,Unstable - ASTERISK-30214
channels.pjsip.subscriptions.presence::presencestate_repeat,channels.pjsip.subscriptions.presence,presencestate_repeat,pass,7.06,
channels.pjsip.subscriptions.presence::presencestate_repeat_okay,channels.pjsip.subscriptions.presence,presencestate_repeat_okay,pass,3.99,
channels.pjsip.subscriptions.presence::resubscribe,channels.pjsip.subscriptions.presence,resubscribe,pass,4.00,
channels.pjsip.subscriptions.presence::unsubscribe,channels.pjsip.subscriptions.presence,unsubscribe,pass,7.21,
channels.pjsip.subscriptions.rls.lists.nominal.mwi.batched::basic,channels.pjsip.subscriptions.rls.lists.nominal.mwi.batched,basic,skip,0.00,Failed dependency
channels.pjsip.subscriptions.rls.lists.nominal.mwi.batched::multiple_resources_single_change,channels.pjsip.subscriptions.rls.lists.nominal.mwi.batched,multiple_resources_single_change,skip,0.00,Failed dependency
channels.pjsip.subscriptions.rls.lists.nominal.mwi.batched::resubscription_interruption,channels.pjsip.subscriptions.rls.lists.nominal.mwi.batched,resubscription_interruption,skip,0.00,Failed dependency
channels.pjsip.subscriptions.rls.lists.nominal.mwi.batched::single_resource_multiple_changes,channels.pjsip.subscriptions.rls.lists.nominal.mwi.batched,single_resource_multiple_changes,skip,0.00,Failed dependency
channels.pjsip.subscriptions.rls.lists.nominal.mwi.batched::termination_interruption,channels.pjsip.subscriptions.rls.lists.nominal.mwi.batched,termination_interruption,skip,0.00,Failed dependency
channels.pjsip.subscriptions.rls.lists.nominal.mwi::full_state,channels.pjsip.subscriptions.rls.lists.nominal.mwi,full_state,skip,0.00,Failed dependency
channels.pjsip.subscriptions.rls.lists.nominal.mwi::initial_notify,channels.pjsip.subscriptions.rls.lists.nominal.mwi,initial_notify,skip,0.00,Failed dependency
channels.pjsip.subscriptions.rls.lists.nominal.mwi::partial_state,channels.pjsip.subscriptions.rls.lists.nominal.mwi,partial_state,skip,0.00,Failed dependency
channels.pjsip.subscriptions.rls.lists.nominal.mwi::resubscribe_full_state,channels.pjsip.subscriptions.rls.lists.nominal.mwi,resubscribe_full_state,skip,0.00,Failed dependency
channels.pjsip.subscriptions.rls.lists.nominal.mwi::subscription_establishment,channels.pjsip.subscriptions.rls.lists.nominal.mwi,subscription_establishment,skip,0.00,Failed dependency
channels.pjsip.subscriptions.rls.lists.nominal.mwi::termination_full_state,channels.pjsip.subscriptions.rls.lists.nominal.mwi,termination_full_state,skip,0.00,Failed dependency
channels.pjsip.subscriptions.rls.lists.nominal.presence.batched::basic,channels.pjsip.subscriptions.rls.lists.nominal.presence.batched,basic,pass,13.96,
channels.pjsip.subscriptions.rls.lists.nominal.presence.batched::multiple_resources_single_change,channels.pjsip.subscriptions.rls.lists.nominal.presence.batched,multiple_resources_single_change,pass,13.98,
channels.pjsip.subscriptions.rls.lists.nominal.presence.batched::resubscription_interruption,channels.pjsip.subscriptions.rls.lists.nominal.presence.batched,resubscription_interruption,pass,8.18,
channels.pjsip.subscriptions.rls.lists.nominal.presence.batched::single_resource_multiple_changes,channels.pjsip.subscriptions.rls.lists.nominal.presence.batched,single_resource_multiple_changes,pass,13.87,
channels.pjsip.subscriptions.rls.lists.nominal.presence.batched::termination_interruption,channels.pjsip.subscriptions.rls.lists.nominal.presence.batched,termination_interruption,pass,8.16,
channels.pjsip.subscriptions.rls.lists.nominal.presence::full_state,channels.pjsip.subscriptions.rls.lists.nominal.presence,full_state,pass,4.01,
channels.pjsip.subscriptions.rls.lists.nominal.presence::initial_notify,channels.pjsip.subscriptions.rls.lists.nominal.presence,initial_notify,pass,4.05,
channels.pjsip.subscriptions.rls.lists.nominal.presence::partial_state,channels.pjsip.subscriptions.rls.lists.nominal.presence,partial_state,pass,4.01,
channels.pjsip.subscriptions.rls.lists.nominal.presence::resubscribe_full_state,channels.pjsip.subscriptions.rls.lists.nominal.presence,resubscribe_full_state,pass,4.05,
channels.pjsip.subscriptions.rls.lists.nominal.presence::subscription_establishment,channels.pjsip.subscriptions.rls.lists.nominal.presence,subscription_establishment,pass,4.07,
channels.pjsip.subscriptions.rls.lists.nominal.presence::termination_full_state,channels.pjsip.subscriptions.rls.lists.nominal.presence,termination_full_state,pass,5.08,
channels.pjsip.subscriptions.rls.lists.off_nominal.mwi::list_does_not_exist,channels.pjsip.subscriptions.rls.lists.off_nominal.mwi,list_does_not_exist,skip,0.00,Failed dependency
channels.pjsip.subscriptions.rls.lists.off_nominal.mwi::no_list_resources_exist,channels.pjsip.subscriptions.rls.lists.off_nominal.mwi,no_list_resources_exist,skip,0.00,Failed dependency
channels.pjsip.subscriptions.rls.lists.off_nominal.mwi::resource_duplication,channels.pjsip.subscriptions.rls.lists.off_nominal.mwi,resource_duplication,skip,0.00,Failed dependency
channels.pjsip.subscriptions.rls.lists.off_nominal.mwi::some_list_resources_exist,channels.pjsip.subscriptions.rls.lists.off_nominal.mwi,some_list_resources_exist,skip,0.00,Failed dependency
channels.pjsip.subscriptions.rls.lists.off_nominal.mwi::subscribe_wo_eventlist_support,channels.pjsip.subscriptions.rls.lists.off_nominal.mwi,subscribe_wo_eventlist_support,skip,0.00,Failed dependency
channels.pjsip.subscriptions.rls.lists.off_nominal.mwi::subscribe_wrong_event_header,channels.pjsip.subscriptions.rls.lists.off_nominal.mwi,subscribe_wrong_event_header,skip,0.00,Failed dependency
channels.pjsip.subscriptions.rls.lists.off_nominal.presence::list_does_not_exist,channels.pjsip.subscriptions.rls.lists.off_nominal.presence,list_does_not_exist,pass,4.06,
channels.pjsip.subscriptions.rls.lists.off_nominal.presence::no_list_resources_exist,channels.pjsip.subscriptions.rls.lists.off_nominal.presence,no_list_resources_exist,pass,4.02,
channels.pjsip.subscriptions.rls.lists.off_nominal.presence::resource_duplication,channels.pjsip.subscriptions.rls.lists.off_nominal.presence,resource_duplication,pass,4.01,
channels.pjsip.subscriptions.rls.lists.off_nominal.presence::some_list_resources_exist,channels.pjsip.subscriptions.rls.lists.off_nominal.presence,some_list_resources_exist,pass,4.03,
channels.pjsip.subscriptions.rls.lists.off_nominal.presence::subscribe_wo_eventlist_support,channels.pjsip.subscriptions.rls.lists.off_nominal.presence,subscribe_wo_eventlist_support,skip,0.00,Failed dependency
channels.pjsip.subscriptions.rls.lists.off_nominal.presence::subscribe_wrong_event_header,channels.pjsip.subscriptions.rls.lists.off_nominal.presence,subscribe_wrong_event_header,pass,4.08,
channels.pjsip.subscriptions.rls.lists.off_nominal::large_notify,channels.pjsip.subscriptions.rls.lists.off_nominal,large_notify,pass,3.94,
channels.pjsip.subscriptions.rls.lists_of_lists.nominal.mwi::batched,channels.pjsip.subscriptions.rls.lists_of_lists.nominal.mwi,batched,skip,0.00,Failed dependency
channels.pjsip.subscriptions.rls.lists_of_lists.nominal.mwi::full_state_alice,channels.pjsip.subscriptions.rls.lists_of_lists.nominal.mwi,full_state_alice,skip,0.00,Failed dependency
channels.pjsip.subscriptions.rls.lists_of_lists.nominal.mwi::full_state_carol,channels.pjsip.subscriptions.rls.lists_of_lists.nominal.mwi,full_state_carol,skip,0.00,Failed dependency
channels.pjsip.subscriptions.rls.lists_of_lists.nominal.mwi::initial_notify,channels.pjsip.subscriptions.rls.lists_of_lists.nominal.mwi,initial_notify,skip,0.00,Failed dependency
channels.pjsip.subscriptions.rls.lists_of_lists.nominal.mwi::partial_state_alice,channels.pjsip.subscriptions.rls.lists_of_lists.nominal.mwi,partial_state_alice,skip,0.00,Failed dependency
channels.pjsip.subscriptions.rls.lists_of_lists.nominal.mwi::partial_state_carol,channels.pjsip.subscriptions.rls.lists_of_lists.nominal.mwi,partial_state_carol,skip,0.00,Failed dependency
channels.pjsip.subscriptions.rls.lists_of_lists.nominal.mwi::resubscribe_full_state,channels.pjsip.subscriptions.rls.lists_of_lists.nominal.mwi,resubscribe_full_state,skip,0.00,Failed dependency
channels.pjsip.subscriptions.rls.lists_of_lists.nominal.mwi::subscription_establishment,channels.pjsip.subscriptions.rls.lists_of_lists.nominal.mwi,subscription_establishment,skip,0.00,Failed dependency
channels.pjsip.subscriptions.rls.lists_of_lists.nominal.mwi::termination_full_state,channels.pjsip.subscriptions.rls.lists_of_lists.nominal.mwi,termination_full_state,skip,0.00,Failed dependency
channels.pjsip.subscriptions.rls.lists_of_lists.nominal.presence::batched,channels.pjsip.subscriptions.rls.lists_of_lists.nominal.presence,batched,pass,5.95,
channels.pjsip.subscriptions.rls.lists_of_lists.nominal.presence::full_state_alice,channels.pjsip.subscriptions.rls.lists_of_lists.nominal.presence,full_state_alice,pass,4.03,
channels.pjsip.subscriptions.rls.lists_of_lists.nominal.presence::full_state_carol,channels.pjsip.subscriptions.rls.lists_of_lists.nominal.presence,full_state_carol,pass,3.97,
channels.pjsip.subscriptions.rls.lists_of_lists.nominal.presence::initial_notify,channels.pjsip.subscriptions.rls.lists_of_lists.nominal.presence,initial_notify,pass,4.02,
channels.pjsip.subscriptions.rls.lists_of_lists.nominal.presence::listception_initial_notify,channels.pjsip.subscriptions.rls.lists_of_lists.nominal.presence,listception_initial_notify,skip,0.00,See ASTERISK-24181
channels.pjsip.subscriptions.rls.lists_of_lists.nominal.presence::partial_state_alice,channels.pjsip.subscriptions.rls.lists_of_lists.nominal.presence,partial_state_alice,pass,4.07,
channels.pjsip.subscriptions.rls.lists_of_lists.nominal.presence::partial_state_carol,channels.pjsip.subscriptions.rls.lists_of_lists.nominal.presence,partial_state_carol,pass,4.03,
channels.pjsip.subscriptions.rls.lists_of_lists.nominal.presence::resubscribe_full_state,channels.pjsip.subscriptions.rls.lists_of_lists.nominal.presence,resubscribe_full_state,pass,4.02,
channels.pjsip.subscriptions.rls.lists_of_lists.nominal.presence::subscription_establishment,channels.pjsip.subscriptions.rls.lists_of_lists.nominal.presence,subscription_establishment,pass,3.95,
channels.pjsip.subscriptions.rls.lists_of_lists.nominal.presence::termination_full_state,channels.pjsip.subscriptions.rls.lists_of_lists.nominal.presence,termination_full_state,pass,5.15,
channels.pjsip.subscriptions.rls.lists_of_lists.off_nominal.mwi::resource_duplication,channels.pjsip.subscriptions.rls.lists_of_lists.off_nominal.mwi,resource_duplication,skip,0.00,Failed dependency
channels.pjsip.subscriptions.rls.lists_of_lists.off_nominal.mwi::shared_name_w_list_support,channels.pjsip.subscriptions.rls.lists_of_lists.off_nominal.mwi,shared_name_w_list_support,skip,0.00,Failed dependency
channels.pjsip.subscriptions.rls.lists_of_lists.off_nominal.mwi::shared_name_wo_list_support,channels.pjsip.subscriptions.rls.lists_of_lists.off_nominal.mwi,shared_name_wo_list_support,skip,0.00,Failed dependency
channels.pjsip.subscriptions.rls.lists_of_lists.off_nominal.presence::resource_duplication,channels.pjsip.subscriptions.rls.lists_of_lists.off_nominal.presence,resource_duplication,pass,4.12,
channels.pjsip.subscriptions.rls.lists_of_lists.off_nominal.presence::shared_name_w_list_support,channels.pjsip.subscriptions.rls.lists_of_lists.off_nominal.presence,shared_name_w_list_support,pass,4.07,
channels.pjsip.subscriptions.rls.lists_of_lists.off_nominal.presence::shared_name_wo_list_support,channels.pjsip.subscriptions.rls.lists_of_lists.off_nominal.presence,shared_name_wo_list_support,pass,4.00,
channels.pjsip.subscriptions::ast_restart,channels.pjsip.subscriptions,ast_restart,pass,14.28,
channels.pjsip.subscriptions::below_min_expiry,channels.pjsip.subscriptions,below_min_expiry,pass,3.97,
channels.pjsip.subscriptions::large_number_of_accept_headers,channels.pjsip.subscriptions,large_number_of_accept_headers,pass,3.96,
channels.pjsip.subscriptions::mismatch,channels.pjsip.subscriptions,mismatch,pass,4.04,
channels.pjsip.subscriptions::nat_notify,channels.pjsip.subscriptions,nat_notify,skip,0.00,Failed dependency
channels.pjsip.subscriptions::no_event_header,channels.pjsip.subscriptions,no_event_header,pass,3.96,
channels.pjsip.subscriptions::subscribe_context,channels.pjsip.subscriptions,subscribe_context,pass,3.97,
channels.pjsip.subscriptions::unallowed,channels.pjsip.subscriptions,unallowed,pass,4.02,
channels.pjsip.subscriptions::unknown_event_package,channels.pjsip.subscriptions,unknown_event_package,pass,4.05,
channels.pjsip.tel_uri::basic_call,channels.pjsip.tel_uri,basic_call,pass,3.98,
channels.pjsip.transfers.asterisk.endpoint::redirect,channels.pjsip.transfers.asterisk.endpoint,redirect,pass,4.04,
channels.pjsip.transfers.asterisk.endpoint::refer,channels.pjsip.transfers.asterisk.endpoint,refer,pass,4.03,
channels.pjsip.transfers.asterisk.uri::redirect,channels.pjsip.transfers.asterisk.uri,redirect,pass,4.01,
channels.pjsip.transfers.asterisk.uri::refer,channels.pjsip.transfers.asterisk.uri,refer,pass,4.05,
channels.pjsip.transfers.attended_transfer.nominal::callee_local,channels.pjsip.transfers.attended_transfer.nominal,callee_local,pass,10.24,
channels.pjsip.transfers.attended_transfer.nominal::callee_local_app,channels.pjsip.transfers.attended_transfer.nominal,callee_local_app,skip,0.00,Unstable - ASTERISK-30199
channels.pjsip.transfers.attended_transfer.nominal::callee_local_blonde,channels.pjsip.transfers.attended_transfer.nominal,callee_local_blonde,pass,14.14,
channels.pjsip.transfers.attended_transfer.nominal::callee_local_direct_media,channels.pjsip.transfers.attended_transfer.nominal,callee_local_direct_media,skip,0.00,Unstable - ASTERISK-30199
channels.pjsip.transfers.attended_transfer.nominal::callee_local_semi_attended_transfer_record_route,channels.pjsip.transfers.attended_transfer.nominal,callee_local_semi_attended_transfer_record_route,pass,10.47,
channels.pjsip.transfers.attended_transfer.nominal::callee_remote,channels.pjsip.transfers.attended_transfer.nominal,callee_remote,pass,7.67,
channels.pjsip.transfers.attended_transfer.nominal::caller_local,channels.pjsip.transfers.attended_transfer.nominal,caller_local,pass,10.19,
channels.pjsip.transfers.attended_transfer.nominal::caller_local_app,channels.pjsip.transfers.attended_transfer.nominal,caller_local_app,pass,5.13,
channels.pjsip.transfers.attended_transfer.nominal::caller_local_blonde,channels.pjsip.transfers.attended_transfer.nominal,caller_local_blonde,pass,25.05,
channels.pjsip.transfers.attended_transfer.nominal::caller_local_direct_media,channels.pjsip.transfers.attended_transfer.nominal,caller_local_direct_media,skip,0.00,See ASTERISK-30199 - test unstable
channels.pjsip.transfers.attended_transfer.nominal::caller_remote,channels.pjsip.transfers.attended_transfer.nominal,caller_remote,pass,15.34,
channels.pjsip.transfers.blind_transfer.off_nominal::transferer_reinvite,channels.pjsip.transfers.blind_transfer.off_nominal,transferer_reinvite,pass,7.31,
channels.pjsip.transfers.blind_transfer::callee_direct_media,channels.pjsip.transfers.blind_transfer,callee_direct_media,pass,31.58,
channels.pjsip.transfers.blind_transfer::callee_refer_only,channels.pjsip.transfers.blind_transfer,callee_refer_only,pass,19.64,
channels.pjsip.transfers.blind_transfer::callee_with_hold,channels.pjsip.transfers.blind_transfer,callee_with_hold,pass,25.58,
channels.pjsip.transfers.blind_transfer::caller_direct_media,channels.pjsip.transfers.blind_transfer,caller_direct_media,pass,31.56,
channels.pjsip.transfers.blind_transfer::caller_refer_only,channels.pjsip.transfers.blind_transfer,caller_refer_only,pass,9.58,
channels.pjsip.transfers.blind_transfer::caller_with_hold,channels.pjsip.transfers.blind_transfer,caller_with_hold,pass,23.52,
channels.pjsip.transfers.blind_transfer::caller_with_hold_481,channels.pjsip.transfers.blind_transfer,caller_with_hold_481,pass,8.22,
channels.pjsip.transfers.blind_transfer::caller_with_hold_drop_options,channels.pjsip.transfers.blind_transfer,caller_with_hold_drop_options,pass,23.57,
channels.pjsip.transfers.blind_transfer::disallow,channels.pjsip.transfers.blind_transfer,disallow,pass,5.14,
channels.pjsip.transfers.blind_transfer::goto_on_blindxfr,channels.pjsip.transfers.blind_transfer,goto_on_blindxfr,pass,32.93,
channels.pjsip.transfers.blind_transfer::immediate_ok_notify,channels.pjsip.transfers.blind_transfer,immediate_ok_notify,pass,6.34,
channels.pjsip.transfers.blind_transfer::no_target_in_refer,channels.pjsip.transfers.blind_transfer,no_target_in_refer,skip,0.00,Unstable - issue #31
channels.pjsip.transport.reuse::invite,channels.pjsip.transport.reuse,invite,pass,7.94,
channels.pjsip.transport.reuse::notify,channels.pjsip.transport.reuse,notify,pass,6.12,
channels.pjsip.transport.reuse::options,channels.pjsip.transport.reuse,options,pass,7.96,
channels.pjsip.transport.symmetric::invite,channels.pjsip.transport.symmetric,invite,pass,4.53,
channels.pjsip.transport.symmetric::notify,channels.pjsip.transport.symmetric,notify,pass,6.11,
channels.pjsip.transport.symmetric::options,channels.pjsip.transport.symmetric,options,pass,8.03,
channels.pjsip.use_callerid_contact.no_privacy::contact_user,channels.pjsip.use_callerid_contact.no_privacy,contact_user,pass,4.12,
channels.pjsip.use_callerid_contact.no_privacy::use_caller_contact_disabled,channels.pjsip.use_callerid_contact.no_privacy,use_caller_contact_disabled,pass,4.13,
channels.pjsip.use_callerid_contact.no_privacy::use_caller_contact_enabled,channels.pjsip.use_callerid_contact.no_privacy,use_caller_contact_enabled,pass,4.11,
channels.pjsip.use_callerid_contact.privacy::contact_user,channels.pjsip.use_callerid_contact.privacy,contact_user,pass,4.09,
channels.pjsip.use_callerid_contact.privacy::use_caller_contact_disabled,channels.pjsip.use_callerid_contact.privacy,use_caller_contact_disabled,pass,4.13,
channels.pjsip.use_callerid_contact.privacy::use_caller_contact_enabled,channels.pjsip.use_callerid_contact.privacy,use_caller_contact_enabled,pass,4.19,
channels.pjsip.video_calls::fast_picture_update,channels.pjsip.video_calls,fast_picture_update,pass,5.17,
channels.pjsip::accountcode,channels.pjsip,accountcode,pass,3.96,
channels.pjsip::acl_call,channels.pjsip,acl_call,pass,3.96,
channels.pjsip::allow_overlap,channels.pjsip,allow_overlap,pass,3.97,
channels.pjsip::call_pickup,channels.pjsip,call_pickup,pass,14.07,
channels.pjsip::content_disposition,channels.pjsip,content_disposition,pass,4.05,
channels.pjsip::cseq_method,channels.pjsip,cseq_method,pass,4.05,
channels.pjsip::dtmf_incompatible,channels.pjsip,dtmf_incompatible,pass,4.14,
channels.pjsip::dtmf_info_fallback,channels.pjsip,dtmf_info_fallback,skip,0.00,Failed dependency
channels.pjsip::forward_loop,channels.pjsip,forward_loop,pass,4.02,
channels.pjsip::handle_options_request,channels.pjsip,handle_options_request,pass,4.08,
channels.pjsip::handle_options_request_drop_options,channels.pjsip,handle_options_request_drop_options,pass,4.01,
channels.pjsip::hold,channels.pjsip,hold,pass,56.78,
channels.pjsip::hold_ice,channels.pjsip,hold_ice,pass,12.64,
channels.pjsip::hold_inactive,channels.pjsip,hold_inactive,pass,41.34,
channels.pjsip::in_dialog_invite_replaces,channels.pjsip,in_dialog_invite_replaces,pass,3.99,
channels.pjsip::in_dialog_options,channels.pjsip,in_dialog_options,pass,4.08,
channels.pjsip::incoming_call_on_second_transport,channels.pjsip,incoming_call_on_second_transport,pass,8.05,
channels.pjsip::incoming_calls_without_auth,channels.pjsip,incoming_calls_without_auth,pass,8.23,
channels.pjsip::info_dtmf,channels.pjsip,info_dtmf,pass,4.99,
channels.pjsip::info_empty,channels.pjsip,info_empty,pass,6.02,
channels.pjsip::invalid_uris,channels.pjsip,invalid_uris,pass,4.00,
channels.pjsip::keep_alive,channels.pjsip,keep_alive,pass,12.33,
channels.pjsip::moh_passthru_inactive,channels.pjsip,moh_passthru_inactive,pass,12.57,
channels.pjsip::multipart_empty_part,channels.pjsip,multipart_empty_part,pass,4.02,
channels.pjsip::non_negotiated_frame_SSRC_change,channels.pjsip,non_negotiated_frame_SSRC_change,fail,47.98,Running tests/channels/pjsip/non_negotiated_frame_SSRC_change ...
channels.pjsip::refer_send_to_vm,channels.pjsip,refer_send_to_vm,pass,5.36,
channels.pjsip::reinvite_after_bye,channels.pjsip,reinvite_after_bye,pass,4.83,
channels.pjsip::reinvite_early,channels.pjsip,reinvite_early,pass,4.06,
channels.pjsip::reinvite_pending,channels.pjsip,reinvite_pending,pass,4.76,
channels.pjsip::rpid_immediate,channels.pjsip,rpid_immediate,pass,12.09,
channels.pjsip::sdp_mandatory_lines,channels.pjsip,sdp_mandatory_lines,pass,48.05,
channels.pjsip::set_var,channels.pjsip,set_var,pass,4.01,
channels.pjsip::user_eq_phone,channels.pjsip,user_eq_phone,pass,2.98,
channels.websocket.inbound::basic_call,channels.websocket.inbound,basic_call,pass,4.05,
channels.websocket.outbound::basic_call,channels.websocket.outbound,basic_call,pass,4.05,
channels.websocket.outbound::flow_control,channels.websocket.outbound,flow_control,pass,5.70,
codecs.opus.fec.jitterbuffer::adaptive,codecs.opus.fec.jitterbuffer,adaptive,skip,0.00,Failed dependency
codecs.opus.fec.jitterbuffer::fixed,codecs.opus.fec.jitterbuffer,fixed,skip,0.00,Failed dependency
codecs.opus.fec::no_jitterbuffer,codecs.opus.fec,no_jitterbuffer,skip,0.00,Failed dependency
codecs.opus::decode,codecs.opus,decode,skip,0.00,Failed dependency
codecs.opus::encode,codecs.opus,encode,skip,0.00,See ASTERISK-29366
codecs.opus::fmtp_with_spaces,codecs.opus,fmtp_with_spaces,pass,4.02,
connected_line::subroutine,connected_line,subroutine,pass,3.00,
endpoints::statsd,endpoints,statsd,skip,0.00,Failed dependency
extra_gates.tenant_id::tenant_id_ami,extra_gates.tenant_id,tenant_id_ami,pass,6.06,
extra_gates.tenant_id::tenant_id_ari,extra_gates.tenant_id,tenant_id_ari,pass,4.05,
extra_gates.tenant_id::tenant_id_dialplan,extra_gates.tenant_id,tenant_id_dialplan,pass,4.72,
fastagi::channel_status,fastagi,channel_status,pass,3.99,
fastagi::connect,fastagi,connect,pass,4.52,
fastagi::control_stream_file,fastagi,control_stream_file,pass,4.99,
fastagi::database,fastagi,database,pass,5.51,
fastagi::execute,fastagi,execute,pass,7.42,
fastagi::get_data,fastagi,get_data,pass,11.94,
fastagi::hangup,fastagi,hangup,pass,4.63,
fastagi::record_file,fastagi,record_file,pass,8.86,
fastagi::say_alpha,fastagi,say_alpha,pass,9.61,
fastagi::say_date,fastagi,say_date,pass,9.72,
fastagi::say_datetime,fastagi,say_datetime,pass,13.85,
fastagi::say_digits,fastagi,say_digits,pass,8.84,
fastagi::say_number,fastagi,say_number,pass,12.39,
fastagi::say_phonetic,fastagi,say_phonetic,pass,7.24,
fastagi::say_time,fastagi,say_time,pass,8.31,
fastagi::stream_file,fastagi,stream_file,pass,5.10,
fastagi::wait_for_digit,fastagi,wait_for_digit,skip,0.00,Requires patch to StarPy
fax.pjsip.maxdatagram::both,fax.pjsip.maxdatagram,both,pass,4.12,
fax.pjsip.maxdatagram::callee,fax.pjsip.maxdatagram,callee,pass,4.10,
fax.pjsip.maxdatagram::caller,fax.pjsip.maxdatagram,caller,pass,4.15,
fax.pjsip.maxdatagram::none,fax.pjsip.maxdatagram,none,pass,4.12,
fax.pjsip::ast_2016_003,fax.pjsip,ast_2016_003,skip,0.00,Failed dependency
fax.pjsip::directmedia_reinvite_t38,fax.pjsip,directmedia_reinvite_t38,pass,6.40,
fax.pjsip::gateway_g711_t38,fax.pjsip,gateway_g711_t38,pass,68.29,
fax.pjsip::gateway_native_t38,fax.pjsip,gateway_native_t38,pass,68.20,
fax.pjsip::gateway_t38_g711_rx,fax.pjsip,gateway_t38_g711_rx,pass,68.19,
fax.pjsip::gateway_t38_g711_tx,fax.pjsip,gateway_t38_g711_tx,pass,65.76,
fax.pjsip::t38,fax.pjsip,t38,pass,68.09,
fax.pjsip::t38_1xx_response,fax.pjsip,t38_1xx_response,pass,11.54,
fax.pjsip::t38_enabled_two_reinvite_on_a_leg,fax.pjsip,t38_enabled_two_reinvite_on_a_leg,skip,0.00,Failed dependency
fax.pjsip::t38_enabled_two_reinvite_on_b_leg,fax.pjsip,t38_enabled_two_reinvite_on_b_leg,skip,0.00,Failed dependency
fax.pjsip::t38_fast_reject,fax.pjsip,t38_fast_reject,pass,8.10,
fax.pjsip::t38_initial_offer,fax.pjsip,t38_initial_offer,pass,4.01,
fax.pjsip::t38_with_auth,fax.pjsip,t38_with_auth,pass,68.06,
fax.pjsip::t38_zero_port,fax.pjsip,t38_zero_port,pass,4.82,
funcs::func_channel,funcs,func_channel,pass,3.96,
funcs::func_evalexten,funcs,func_evalexten,pass,5.96,
funcs::func_global,funcs,func_global,pass,4.35,
funcs::func_jitterbuffer,funcs,func_jitterbuffer,skip,0.00,Python3-issues
funcs::func_presencestate,funcs,func_presencestate,pass,3.97,
funcs::func_push,funcs,func_push,pass,4.92,
funcs::func_srv,funcs,func_srv,pass,3.97,
funcs::func_talkdetect,funcs,func_talkdetect,pass,43.44,
funcs::func_tonedetect,funcs,func_tonedetect,pass,6.68,
hangup::handlers,hangup,handlers,pass,40.69,
hangup::handlers_endbeforehexten,hangup,handlers_endbeforehexten,pass,40.75,
hep::pjsip,hep,pjsip,fail,8.11,Running tests/hep/pjsip ...
hep::pjsip_auth,hep,pjsip_auth,fail,8.15,Running tests/hep/pjsip-auth ...
hep::pjsip_ipv6,hep,pjsip_ipv6,fail,8.04,Running tests/hep/pjsip-ipv6 ...
hep::rtcp_receiver,hep,rtcp_receiver,pass,20.22,
hep::rtcp_sender,hep,rtcp_sender,pass,20.22,
http_server::acl,http_server,acl,pass,3.09,
http_server::acl_ari_user,http_server,acl_ari_user,skip,0.00,Failed dependency
http_server::servername,http_server,servername,pass,4.99,
manager.config::advanced,manager.config,advanced,pass,3.16,
manager.config::basic,manager.config,basic,pass,3.04,
manager.config::no_preserve_effective_context,manager.config,no_preserve_effective_context,pass,2.99,
manager.config::restricted,manager.config,restricted,pass,2.97,
manager.danger::dangerous,manager.danger,dangerous,pass,2.99,
manager.danger::safe,manager.danger,safe,pass,3.04,
manager.mixmonitor::mixmonitor_basic,manager.mixmonitor,mixmonitor_basic,pass,12.62,
manager.mixmonitor::mixmonitor_id,manager.mixmonitor,mixmonitor_id,pass,10.37,
manager.redirect.dual.bridge::different,manager.redirect.dual.bridge,different,pass,5.50,
manager.redirect.dual.bridge::same,manager.redirect.dual.bridge,same,pass,47.91,
manager.redirect.dual::app,manager.redirect.dual,app,pass,5.46,
manager.redirect.single::app,manager.redirect.single,app,pass,2.99,
manager.redirect.single::bridge,manager.redirect.single,bridge,pass,3.98,
manager::acl_login,manager,acl_login,pass,3.95,
manager::action_events_response,manager,action_events_response,skip,0.00,Lua test that needs to be updated
manager::authlimit,manager,authlimit,skip,0.00,Lua test that needs to be updated
manager::authtimeout,manager,authtimeout,skip,0.00,Lua test that needs to be updated
manager::bridge_actions,manager,bridge_actions,pass,10.34,
manager::connected_line,manager,connected_line,pass,3.96,
manager::device_state_changed,manager,device_state_changed,pass,2.98,
manager::device_state_list,manager,device_state_list,pass,3.04,
manager::escaped_values,manager,escaped_values,pass,17.97,
manager::exten_state_list,manager,exten_state_list,pass,2.98,
manager::login,manager,login,pass,2.95,
manager::manager_vars,manager,manager_vars,pass,3.95,
manager::originate,manager,originate,pass,6.05,
manager::playdtmf,manager,playdtmf,pass,4.67,
manager::presence_state_changed,manager,presence_state_changed,pass,3.00,
manager::presence_state_list,manager,presence_state_list,pass,2.96,
manager::response_time,manager,response_time,skip,0.00,Skip while failures are debugged
manager::sendtext,manager,sendtext,pass,5.03,
manager::status,manager,status,pass,4.06,
manager::status_all_vars,manager,status_all_vars,pass,3.94,
manager::userevent,manager,userevent,pass,2.98,
pbx.accountcode::dial_none,pbx.accountcode,dial_none,pass,3.94,
pbx.accountcode::dial_peer_none,pbx.accountcode,dial_peer_none,pass,3.97,
pbx.accountcode::dial_peer_override,pbx.accountcode,dial_peer_override,pass,3.95,
pbx.accountcode::dial_predial,pbx.accountcode,dial_predial,pass,4.01,
pbx.accountcode::dial_straight_none,pbx.accountcode,dial_straight_none,pass,3.94,
pbx.accountcode::dial_straight_override,pbx.accountcode,dial_straight_override,pass,3.01,
pbx.accountcode::local_crossover,pbx.accountcode,local_crossover,pass,2.99,
pbx.accountcode::local_crossover_back,pbx.accountcode,local_crossover_back,pass,3.97,
pbx.accountcode::local_originate,pbx.accountcode,local_originate,pass,4.05,
pbx.accountcode::queue_none,pbx.accountcode,queue_none,pass,2.93,
pbx.accountcode::queue_peer_none,pbx.accountcode,queue_peer_none,pass,3.97,
pbx.accountcode::queue_peer_preserve,pbx.accountcode,queue_peer_preserve,pass,4.01,
pbx::ast_db,pbx,ast_db,pass,5.12,
pbx::autohints,pbx,autohints,pass,2.99,
pbx::call_file_retries_alwaysdelete,pbx,call_file_retries_alwaysdelete,pass,15.81,
pbx::call_file_retries_archive,pbx,call_file_retries_archive,pass,16.89,
pbx::call_file_retries_fail,pbx,call_file_retries_fail,pass,12.87,
pbx::call_file_retries_success,pbx,call_file_retries_success,pass,6.80,
pbx::call_files,pbx,call_files,pass,4.75,
pbx::call_files2,pbx,call_files2,skip,0.00,Skip while failures are debugged
pbx::callerid_match,pbx,callerid_match,pass,11.48,
pbx::create_call_files,pbx,create_call_files,pass,5.75,
pbx::dialplan,pbx,dialplan,pass,4.41,
pbx::dialplan_reload,pbx,dialplan_reload,pass,18.74,
pbx::dialplan_save,pbx,dialplan_save,pass,14.90,
pbx::manager_extensions,pbx,manager_extensions,pass,3.99,
pbx::merge_contexts,pbx,merge_contexts,skip,0.00,Skip while failures are debugged
pbx::pbx_lua_background,pbx,pbx_lua_background,pass,12.76,
pbx::pbx_lua_goto,pbx,pbx_lua_goto,skip,0.00,Python3-issues
phoneprov::res_phoneprov_pjsip,phoneprov,res_phoneprov_pjsip,skip,0.00,Failed dependency
realtime::_static,realtime,_static,pass,3.22,
realtime::destroy,realtime,destroy,skip,0.00,Failed dependency
realtime::multi,realtime,multi,skip,0.00,Failed dependency
realtime::single,realtime,single,skip,0.00,Failed dependency
realtime::store,realtime,store,skip,0.00,Failed dependency
realtime::update,realtime,update,skip,0.00,Failed dependency
redirecting::forwardername,redirecting,forwardername,fail,32.84,Running tests/redirecting/forwardername ...
redirecting::subroutine,redirecting,subroutine,pass,4.02,
rest_api.applications.channel_subscriptions.originate_to_dialplan::non_local_channels,rest_api.applications.channel_subscriptions.originate_to_dialplan,non_local_channels,pass,4.04,
rest_api.applications.channel_subscriptions.originate_to_other_stasis_app::local_channels,rest_api.applications.channel_subscriptions.originate_to_other_stasis_app,local_channels,pass,12.97,
rest_api.applications.channel_subscriptions.originate_to_other_stasis_app::non_local_channels,rest_api.applications.channel_subscriptions.originate_to_other_stasis_app,non_local_channels,pass,15.02,
rest_api.applications.channel_subscriptions.originate_to_stasis_app::local_channels,rest_api.applications.channel_subscriptions.originate_to_stasis_app,local_channels,pass,4.60,
rest_api.applications.channel_subscriptions::basic_subscription,rest_api.applications.channel_subscriptions,basic_subscription,pass,4.11,
rest_api.applications.event_filter::allowed,rest_api.applications.event_filter,allowed,pass,3.03,
rest_api.applications.event_filter::both,rest_api.applications.event_filter,both,pass,3.09,
rest_api.applications.event_filter::disallowed,rest_api.applications.event_filter,disallowed,pass,3.03,
rest_api.applications.subscribe_endpoint.nominal::resource,rest_api.applications.subscribe_endpoint.nominal,resource,pass,4.62,
rest_api.applications.subscribe_endpoint.nominal::tech,rest_api.applications.subscribe_endpoint.nominal,tech,pass,4.72,
rest_api.applications.subscribe_endpoint.off_nominal::unknown_resource,rest_api.applications.subscribe_endpoint.off_nominal,unknown_resource,pass,3.07,
rest_api.applications.subscribe_endpoint.off_nominal::unknown_tech,rest_api.applications.subscribe_endpoint.off_nominal,unknown_tech,pass,3.06,
rest_api.applications::double_subscribe_device_state,rest_api.applications,double_subscribe_device_state,pass,4.04,
rest_api.applications::errors,rest_api.applications,errors,pass,4.07,
rest_api.applications::stasisstatus,rest_api.applications,stasisstatus,pass,4.33,
rest_api.applications::subscribe_all,rest_api.applications,subscribe_all,pass,11.64,
rest_api.applications::subscribe_all_bridge,rest_api.applications,subscribe_all_bridge,pass,4.07,
rest_api.applications::subscribe_bridge,rest_api.applications,subscribe_bridge,pass,4.01,
rest_api.applications::subscribe_device_state,rest_api.applications,subscribe_device_state,pass,4.06,
rest_api.asterisk.config.dynamic.pjsip::delete_aor,rest_api.asterisk.config.dynamic.pjsip,delete_aor,pass,3.11,
rest_api.asterisk.config.dynamic.pjsip::modify_aor_to_qualified,rest_api.asterisk.config.dynamic.pjsip,modify_aor_to_qualified,pass,3.06,
rest_api.asterisk.config.dynamic.pjsip::modify_aor_to_unqualified,rest_api.asterisk.config.dynamic.pjsip,modify_aor_to_unqualified,pass,3.05,
rest_api.asterisk.config.dynamic.pjsip::modify_endpoint,rest_api.asterisk.config.dynamic.pjsip,modify_endpoint,pass,3.02,
rest_api.asterisk.config.dynamic::_delete,rest_api.asterisk.config.dynamic,_delete,pass,3.03,
rest_api.asterisk.config.dynamic::create,rest_api.asterisk.config.dynamic,create,pass,3.07,
rest_api.asterisk.config.dynamic::get,rest_api.asterisk.config.dynamic,get,pass,3.04,
rest_api.asterisk.config.dynamic::registration_cleanup,rest_api.asterisk.config.dynamic,registration_cleanup,pass,13.09,
rest_api.asterisk.config.dynamic::update,rest_api.asterisk.config.dynamic,update,pass,3.04,
rest_api.asterisk.logging::add_log,rest_api.asterisk.logging,add_log,pass,4.04,
rest_api.asterisk.logging::get_logging,rest_api.asterisk.logging,get_logging,pass,4.04,
rest_api.asterisk.logging::rotate_log,rest_api.asterisk.logging,rotate_log,pass,4.10,
rest_api.asterisk.modules::get_module,rest_api.asterisk.modules,get_module,pass,4.06,
rest_api.asterisk.modules::get_modules,rest_api.asterisk.modules,get_modules,pass,4.04,
rest_api.asterisk.modules::get_unknown_module,rest_api.asterisk.modules,get_unknown_module,pass,4.03,
rest_api.asterisk.modules::load_already_loaded_module,rest_api.asterisk.modules,load_already_loaded_module,pass,4.02,
rest_api.asterisk.modules::load_module,rest_api.asterisk.modules,load_module,pass,4.03,
rest_api.asterisk.modules::load_unknown_module,rest_api.asterisk.modules,load_unknown_module,pass,4.05,
rest_api.asterisk.modules::reload_module,rest_api.asterisk.modules,reload_module,pass,4.04,
rest_api.asterisk.modules::reload_unknown_module,rest_api.asterisk.modules,reload_unknown_module,pass,4.05,
rest_api.asterisk.modules::reload_unloaded_module,rest_api.asterisk.modules,reload_unloaded_module,pass,4.03,
rest_api.asterisk.modules::unload_already_unloaded_module,rest_api.asterisk.modules,unload_already_unloaded_module,pass,4.05,
rest_api.asterisk.modules::unload_module,rest_api.asterisk.modules,unload_module,pass,4.02,
rest_api.bridges.bridge_variables::get_set_multiple,rest_api.bridges.bridge_variables,get_set_multiple,pass,3.03,
rest_api.bridges.bridge_variables::get_set_single,rest_api.bridges.bridge_variables,get_set_single,pass,3.02,
rest_api.bridges.playback::basic,rest_api.bridges.playback,basic,pass,6.46,
rest_api.bridges.playback::forward,rest_api.bridges.playback,forward,pass,6.04,
rest_api.bridges.playback::reverse,rest_api.bridges.playback,reverse,pass,6.05,
rest_api.bridges.playback::tones,rest_api.bridges.playback,tones,pass,7.15,
rest_api.bridges::_delete,rest_api.bridges,_delete,pass,4.04,
rest_api.bridges::add_recording_channel,rest_api.bridges,add_recording_channel,pass,4.05,
rest_api.bridges::bridge_by_id,rest_api.bridges,bridge_by_id,pass,4.29,
rest_api.bridges::bridge_record,rest_api.bridges,bridge_record,pass,4.07,
rest_api.bridges::error,rest_api.bridges,error,pass,4.09,
rest_api.bridges::hangup,rest_api.bridges,hangup,pass,4.07,
rest_api.bridges::happy,rest_api.bridges,happy,pass,4.06,
rest_api.bridges::id_propagate,rest_api.bridges,id_propagate,pass,4.04,
rest_api.bridges::move,rest_api.bridges,move,pass,4.09,
rest_api.bridges::no_id_propagate,rest_api.bridges,no_id_propagate,pass,4.05,
rest_api.bridges::softmix_unhold,rest_api.bridges,softmix_unhold,pass,50.01,
rest_api.bridges::unhappy,rest_api.bridges,unhappy,pass,4.03,
rest_api.bridges::video,rest_api.bridges,video,pass,4.07,
rest_api.channels.channel_variables::get_set_multiple,rest_api.channels.channel_variables,get_set_multiple,pass,3.13,
rest_api.channels.channel_variables::get_set_single,rest_api.channels.channel_variables,get_set_single,pass,3.05,
rest_api.channels.create_dial_bridge.bridge::bridge_after_answer,rest_api.channels.create_dial_bridge.bridge,bridge_after_answer,pass,6.42,
rest_api.channels.create_dial_bridge.bridge::bridge_early_media,rest_api.channels.create_dial_bridge.bridge,bridge_early_media,pass,6.33,
rest_api.channels.create_dial_bridge.bridge::bridge_then_dial,rest_api.channels.create_dial_bridge.bridge,bridge_then_dial,pass,6.43,
rest_api.channels.create_dial_bridge.bridge::bridge_while_ringing,rest_api.channels.create_dial_bridge.bridge,bridge_while_ringing,pass,8.36,
rest_api.channels.create_dial_bridge.create::nominal,rest_api.channels.create_dial_bridge.create,nominal,pass,3.08,
rest_api.channels.create_dial_bridge.create::off_nominal,rest_api.channels.create_dial_bridge.create,off_nominal,pass,3.06,
rest_api.channels.create_dial_bridge.dial.nominal::_continue,rest_api.channels.create_dial_bridge.dial.nominal,_continue,pass,5.02,
rest_api.channels.create_dial_bridge.dial.nominal::basic,rest_api.channels.create_dial_bridge.dial.nominal,basic,pass,6.47,
rest_api.channels.create_dial_bridge.dial::off_nominal,rest_api.channels.create_dial_bridge.dial,off_nominal,pass,6.01,
rest_api.channels.external_media::nominal,rest_api.channels.external_media,nominal,pass,4.02,
rest_api.channels.external_media::off_nominal,rest_api.channels.external_media,off_nominal,skip,0.00,Unstable - issue 28
rest_api.channels.hold::hold_intercept,rest_api.channels.hold,hold_intercept,pass,4.03,
rest_api.channels.playback.lists::basic,rest_api.channels.playback.lists,basic,pass,11.12,
rest_api.channels.playback.lists::forward,rest_api.channels.playback.lists,forward,pass,15.30,
rest_api.channels.playback.lists::reverse,rest_api.channels.playback.lists,reverse,pass,23.25,
rest_api.channels.playback.lists::stop,rest_api.channels.playback.lists,stop,pass,4.04,
rest_api.channels.playback::basic,rest_api.channels.playback,basic,pass,10.00,
rest_api.channels.playback::forward,rest_api.channels.playback,forward,pass,6.17,
rest_api.channels.playback::reverse,rest_api.channels.playback,reverse,pass,6.13,
rest_api.channels.playback::to_channel_in_bridge,rest_api.channels.playback,to_channel_in_bridge,pass,14.09,
rest_api.channels.playback::to_channel_in_bridge_hangup,rest_api.channels.playback,to_channel_in_bridge_hangup,pass,8.09,
rest_api.channels.playback::tones,rest_api.channels.playback,tones,pass,7.02,
rest_api.channels.playback::tones_w_tonezone,rest_api.channels.playback,tones_w_tonezone,pass,7.05,
rest_api.channels.redirect::nominal,rest_api.channels.redirect,nominal,fail,36.24,Running tests/rest_api/channels/redirect/nominal ...
rest_api.channels.redirect::off_nominal,rest_api.channels.redirect,off_nominal,pass,4.10,
rest_api.channels.rtp_statistics::basic,rest_api.channels.rtp_statistics,basic,pass,8.00,
rest_api.channels::connected_line_update,rest_api.channels,connected_line_update,pass,4.06,
rest_api.channels::create_duplicate_id,rest_api.channels,create_duplicate_id,pass,47.92,
rest_api.channels::originate,rest_api.channels,originate,pass,9.15,
rest_api.channels::originate_duplicate_id,rest_api.channels,originate_duplicate_id,pass,47.89,
rest_api.channels::originate_then_continue,rest_api.channels,originate_then_continue,pass,5.58,
rest_api.channels::originate_to_dialplan,rest_api.channels,originate_to_dialplan,pass,4.03,
rest_api.channels::originate_to_pjsip_endpoint,rest_api.channels,originate_to_pjsip_endpoint,pass,4.53,
rest_api.channels::originate_with_id,rest_api.channels,originate_with_id,pass,4.03,
rest_api.channels::originate_with_linkedid,rest_api.channels,originate_with_linkedid,pass,9.54,
rest_api.channels::originate_with_vars,rest_api.channels,originate_with_vars,pass,4.05,
rest_api.channels::snoop_id,rest_api.channels,snoop_id,pass,3.03,
rest_api.channels::snoop_spy,rest_api.channels,snoop_spy,pass,33.26,
rest_api.channels::snoop_whisper,rest_api.channels,snoop_whisper,pass,5.61,
rest_api.danger::dangerous,rest_api.danger,dangerous,pass,4.08,
rest_api.danger::safe,rest_api.danger,safe,pass,4.08,
rest_api.device_state::add_invalid,rest_api.device_state,add_invalid,pass,4.03,
rest_api.device_state::add_remove,rest_api.device_state,add_remove,pass,4.04,
rest_api.device_state::change,rest_api.device_state,change,pass,4.04,
rest_api.device_state::list,rest_api.device_state,list,pass,4.08,
rest_api.events.user::channel,rest_api.events.user,channel,pass,6.54,
rest_api.events.user::invalid,rest_api.events.user,invalid,pass,3.01,
rest_api.events.user::multi,rest_api.events.user,multi,pass,4.03,
rest_api.events::subscribe_ws,rest_api.events,subscribe_ws,pass,4.53,
rest_api.events::variables,rest_api.events,variables,pass,3.09,
rest_api.external_interaction.ami_bridge.stasis_app::non_stasis_app,rest_api.external_interaction.ami_bridge.stasis_app,non_stasis_app,pass,3.03,
rest_api.external_interaction.ami_bridge.stasis_app::two_channel_different_stasis_app,rest_api.external_interaction.ami_bridge.stasis_app,two_channel_different_stasis_app,pass,4.05,
rest_api.external_interaction.ami_bridge.stasis_app::two_channel_same_stasis_app,rest_api.external_interaction.ami_bridge.stasis_app,two_channel_same_stasis_app,pass,3.02,
rest_api.external_interaction.ami_bridge.stasis_bridge::different_stasis_app,rest_api.external_interaction.ami_bridge.stasis_bridge,different_stasis_app,pass,3.22,
rest_api.external_interaction.ami_bridge.stasis_bridge::non_stasis_app,rest_api.external_interaction.ami_bridge.stasis_bridge,non_stasis_app,pass,4.03,
rest_api.external_interaction.ami_bridge.stasis_bridge::non_stasis_bridge,rest_api.external_interaction.ami_bridge.stasis_bridge,non_stasis_bridge,pass,4.04,
rest_api.external_interaction.ami_bridge.stasis_bridge::same_stasis_app,rest_api.external_interaction.ami_bridge.stasis_bridge,same_stasis_app,pass,4.02,
rest_api.external_interaction.ami_bridge.stasis_bridge::two_channel_different_stasis_app,rest_api.external_interaction.ami_bridge.stasis_bridge,two_channel_different_stasis_app,pass,4.05,
rest_api.external_interaction.ami_bridge.stasis_bridge::two_channel_same_stasis_app,rest_api.external_interaction.ami_bridge.stasis_bridge,two_channel_same_stasis_app,pass,4.18,
rest_api.external_interaction.ami_redirect::stasis_app,rest_api.external_interaction.ami_redirect,stasis_app,pass,4.05,
rest_api.external_interaction.ami_redirect::stasis_bridge,rest_api.external_interaction.ami_redirect,stasis_bridge,pass,3.01,
rest_api.external_interaction.ami_redirect::stasis_bridge_direct_originate,rest_api.external_interaction.ami_redirect,stasis_bridge_direct_originate,pass,3.03,
rest_api.external_interaction.attended_transfer.stasis_bridge_to_stasis_bridge::different_stasis_app,rest_api.external_interaction.attended_transfer.stasis_bridge_to_stasis_bridge,different_stasis_app,pass,7.42,
rest_api.external_interaction.attended_transfer.stasis_bridge_to_stasis_bridge::same_stasis_app,rest_api.external_interaction.attended_transfer.stasis_bridge_to_stasis_bridge,same_stasis_app,pass,7.39,
rest_api.external_interaction.attended_transfer.stasis_bridge_to_stasis_bridge::same_stasis_app_accepted,rest_api.external_interaction.attended_transfer.stasis_bridge_to_stasis_bridge,same_stasis_app_accepted,pass,7.34,
rest_api.external_interaction.attended_transfer::non_stasis_app_to_stasis_bridge,rest_api.external_interaction.attended_transfer,non_stasis_app_to_stasis_bridge,pass,7.19,
rest_api.external_interaction.attended_transfer::non_stasis_bridge_to_stasis_bridge,rest_api.external_interaction.attended_transfer,non_stasis_bridge_to_stasis_bridge,pass,7.27,
rest_api.external_interaction.attended_transfer::stasis_bridge_to_non_stasis_app,rest_api.external_interaction.attended_transfer,stasis_bridge_to_non_stasis_app,pass,6.24,
rest_api.external_interaction.attended_transfer::stasis_bridge_to_stasis_app,rest_api.external_interaction.attended_transfer,stasis_bridge_to_stasis_app,pass,6.16,
rest_api.external_interaction.attended_transfer::stasis_bridge_to_stasis_app_ari_only,rest_api.external_interaction.attended_transfer,stasis_bridge_to_stasis_app_ari_only,pass,5.68,
rest_api.external_interaction.blind_transfer::stasis_bridge_to_different_stasis_app,rest_api.external_interaction.blind_transfer,stasis_bridge_to_different_stasis_app,pass,5.72,
rest_api.external_interaction.blind_transfer::stasis_bridge_to_non_stasis_app,rest_api.external_interaction.blind_transfer,stasis_bridge_to_non_stasis_app,pass,5.67,
rest_api.external_interaction.blind_transfer::stasis_bridge_to_same_stasis_app,rest_api.external_interaction.blind_transfer,stasis_bridge_to_same_stasis_app,pass,5.68,
rest_api.external_interaction.bridge_app.x_option::stasis_bridge,rest_api.external_interaction.bridge_app.x_option,stasis_bridge,pass,15.11,
rest_api.external_interaction.bridge_app::stasis_bridge,rest_api.external_interaction.bridge_app,stasis_bridge,pass,4.54,
rest_api.mailbox::baseline,rest_api.mailbox,baseline,skip,0.00,Failed dependency
rest_api.message.endpoint::recv,rest_api.message.endpoint,recv,pass,13.12,
rest_api.message.endpoint::send,rest_api.message.endpoint,send,pass,13.60,
rest_api.message.technology::recv,rest_api.message.technology,recv,pass,13.17,
rest_api.message.technology::send,rest_api.message.technology,send,pass,13.58,
rest_api.message::mixed_endpoint_technology_subscriptions,rest_api.message,mixed_endpoint_technology_subscriptions,pass,13.12,
rest_api.recording.stored.copy::nominal,rest_api.recording.stored.copy,nominal,pass,5.52,
rest_api.recording.stored.copy::off_nominal,rest_api.recording.stored.copy,off_nominal,pass,5.49,
rest_api.recording.stored::file,rest_api.recording.stored,file,pass,19.63,
rest_api.recording::duration,rest_api.recording,duration,pass,11.68,
rest_api.recording::file_conflicts,rest_api.recording,file_conflicts,pass,4.02,
rest_api.recording::format_unavailable,rest_api.recording,format_unavailable,pass,4.04,
rest_api.recording::nominal,rest_api.recording,nominal,pass,4.03,
rest_api.stasis_broadcast::claim_already_taken,rest_api.stasis_broadcast,claim_already_taken,pass,4.06,
rest_api.stasis_broadcast::claim_filter,rest_api.stasis_broadcast,claim_filter,pass,4.05,
rest_api.stasis_broadcast::claim_success,rest_api.stasis_broadcast,claim_success,pass,4.08,
rest_api.stasis_broadcast::claim_timeout,rest_api.stasis_broadcast,claim_timeout,pass,4.51,
rest_api.websocket.outbound_websocket::local_ari_user_read_only,rest_api.websocket.outbound_websocket,local_ari_user_read_only,pass,6.88,
rest_api.websocket.outbound_websocket::per_call,rest_api.websocket.outbound_websocket,per_call,pass,9.12,
rest_api.websocket.outbound_websocket::persistent,rest_api.websocket.outbound_websocket,persistent,pass,4.11,
rest_api.websocket.rest_over_websocket::bad_requests,rest_api.websocket.rest_over_websocket,bad_requests,pass,3.03,
rest_api.websocket.rest_over_websocket::parallel_requests,rest_api.websocket.rest_over_websocket,parallel_requests,pass,3.06,
rest_api.websocket.rest_over_websocket::single_requests,rest_api.websocket.rest_over_websocket,single_requests,pass,3.03,
rest_api::CORS,rest_api,CORS,pass,6.21,
rest_api::_continue,rest_api,_continue,pass,4.06,
rest_api::authentication,rest_api,authentication,pass,4.04,
rest_api::authentication_user_acl,rest_api,authentication_user_acl,pass,3.01,
rest_api::chunked_transfer,rest_api,chunked_transfer,skip,0.00,Python3-issues
rest_api::content_type,rest_api,content_type,pass,2.98,
rest_api::move,rest_api,move,pass,3.06,
rest_api::request_bodies,rest_api,request_bodies,pass,3.00,
rtp.rtp_range::rtp_range_even_even,rtp.rtp_range,rtp_range_even_even,pass,21.43,
rtp.rtp_range::rtp_range_even_odd,rtp.rtp_range,rtp_range_even_odd,pass,21.61,
rtp.rtp_range::rtp_range_odd_even,rtp.rtp_range,rtp_range_odd_even,pass,21.54,
rtp.rtp_range::rtp_range_odd_odd,rtp.rtp_range,rtp_range_odd_odd,pass,21.51,
rtp.strict_rtp::strict_rtp_seqno,rtp.strict_rtp,strict_rtp_seqno,pass,8.61,
rtp.strict_rtp::strict_rtp_yes,rtp.strict_rtp,strict_rtp_yes,pass,20.22,
rtp::ast_2017_012,rtp,ast_2017_012,skip,0.00,Failed dependency
sorcery::memory_cache_expire,sorcery,memory_cache_expire,fail,56.18,Running tests/sorcery/memory_cache_expire ...
sorcery::memory_cache_expire_object,sorcery,memory_cache_expire_object,fail,56.15,Running tests/sorcery/memory_cache_expire_object ...
sorcery::memory_cache_populate,sorcery,memory_cache_populate,pass,4.14,
sorcery::memory_cache_stale,sorcery,memory_cache_stale,pass,3.11,
sorcery::memory_cache_stale_object,sorcery,memory_cache_stale_object,pass,3.19,
tenant_id::tenant_id_ami,tenant_id,tenant_id_ami,pass,6.15,
tenant_id::tenant_id_ari,tenant_id,tenant_id_ari,pass,4.08,
tenant_id::tenant_id_dialplan,tenant_id,tenant_id_dialplan,pass,4.57,
